image_url,page_url,licence,author,label_hint,source,local_file,photo_id,country_or_place,taxon,observed_on
https://inaturalist-open-data.s3.amazonaws.com/photos/4909890/large.jpeg,http://www.inaturalist.org/observations/4127089,CC BY 4.0,"(c) Desiree L. Narango, some rights reserved (CC BY)",rust (identified as Hemileia vastatrix),iNaturalist,data_raw/wild/inat/inat_4909890.jpg,inat_4909890,"Carazo Department, Nicaragua",Hemileia vastatrix,2014-01-09
https://inaturalist-open-data.s3.amazonaws.com/photos/30714952/large.jpg,https://www.inaturalist.org/observations/19913277,CC BY-NC 4.0,"(c) Bioexploradores Farallones, some rights reserved (CC BY-NC)",rust (identified as Hemileia vastatrix),iNaturalist,data_raw/wild/inat/inat_30714952.jpg,inat_30714952,"Cd Bolívar, Antioquia, Colombia",Hemileia vastatrix,2019-01-27
https://inaturalist-open-data.s3.amazonaws.com/photos/31642233/large.jpg,https://www.inaturalist.org/observations/20501378,CC BY-NC 4.0,"(c) jpgalvan, some rights reserved (CC BY-NC)",rust (identified as Hemileia vastatrix),iNaturalist,data_raw/wild/inat/inat_31642233.jpg,inat_31642233,"Angel Albino Corzo, Angel Albino Corzo, CHIS, MX",Hemileia vastatrix,2019-01-28
https://inaturalist-open-data.s3.amazonaws.com/photos/32032270/large.jpeg,https://www.inaturalist.org/observations/20771869,CC BY-NC 4.0,"(c) 大肚魚, some rights reserved (CC BY-NC)",rust (identified as Hemileia vastatrix),iNaturalist,data_raw/wild/inat/inat_32032270.jpg,inat_32032270,古坑,Hemileia vastatrix,2006-11-04
https://inaturalist-open-data.s3.amazonaws.com/photos/44355319/large.jpeg,https://www.inaturalist.org/observations/28453494,CC BY-NC 4.0,"(c) Lisa Johnson, some rights reserved (CC BY-NC)",rust (identified as Hemileia vastatrix),iNaturalist,data_raw/wild/inat/inat_44355319.jpg,inat_44355319,"Altamira, DO-PP, DO",Hemileia vastatrix,2019-07-08
https://inaturalist-open-data.s3.amazonaws.com/photos/65767577/large.jpg,https://www.inaturalist.org/observations/41456979,CC BY-NC 4.0,"(c) Marvin Molina, some rights reserved (CC BY-NC)",rust (identified as Hemileia vastatrix),iNaturalist,data_raw/wild/inat/inat_65767577.jpg,inat_65767577,"Jalapa, Guatemala",Hemileia vastatrix,2020-03-12
https://inaturalist-open-data.s3.amazonaws.com/photos/104570333/large.jpg,https://www.inaturalist.org/observations/64993202,CC BY 4.0,"(c) Juanito Escamilla, some rights reserved (CC BY)",rust (identified as Hemileia vastatrix),iNaturalist,data_raw/wild/inat/inat_104570333.jpg,inat_104570333,"Santa Rosa De Lima, Santa Rosa, GT",Hemileia vastatrix,2020-11-14
https://inaturalist-open-data.s3.amazonaws.com/photos/104975182/large.jpeg,https://www.inaturalist.org/observations/65243287,CC BY-NC 4.0,"(c) Joseph D. Cohen, some rights reserved (CC BY-NC)",rust (identified as Hemileia vastatrix),iNaturalist,data_raw/wild/inat/inat_104975182.jpg,inat_104975182,"Finca Dos Jefes, Boquete, Chiriquí, Panama",Hemileia vastatrix,2018-03-08
https://inaturalist-open-data.s3.amazonaws.com/photos/134263530/large.jpeg,https://www.inaturalist.org/observations/81840422,CC BY-NC 4.0,"(c) Eduardo Kenyu Okido Matsumoto, some rights reserved (CC BY-NC)",rust (identified as Hemileia vastatrix),iNaturalist,data_raw/wild/inat/inat_134263530.jpg,inat_134263530,"Socorro - SP, 13960-000, Brasil",Hemileia vastatrix,2021-06-06
https://inaturalist-open-data.s3.amazonaws.com/photos/173251474/large.jpeg,https://www.inaturalist.org/observations/103507958,CC BY 4.0,"(c) Jie-Hao Ou, some rights reserved (CC BY)",rust (identified as Hemileia vastatrix),iNaturalist,data_raw/wild/inat/inat_173251474.jpg,inat_173251474,"54641 台湾 Nantou County, Ren’ai Township, 山農巷27號",Hemileia vastatrix,2021-09-08
https://inaturalist-open-data.s3.amazonaws.com/photos/188694479/large.jpg,https://www.inaturalist.org/observations/111752419,CC BY-NC 4.0,"(c) igomezc, some rights reserved (CC BY-NC)",rust (identified as Hemileia vastatrix),iNaturalist,data_raw/wild/inat/inat_188694479.jpg,inat_188694479,"La Ceja, Antioquia, CO",Hemileia vastatrix,2022-02-09
https://inaturalist-open-data.s3.amazonaws.com/photos/237042597/large.jpeg,https://www.inaturalist.org/observations/138662436,CC BY-NC 4.0,"(c) OrganicCoffee_BethDominick, some rights reserved (CC BY-NC)",rust (identified as Hemileia vastatrix),iNaturalist,data_raw/wild/inat/inat_237042597.jpg,inat_237042597,"Nord Department, Haiti",Hemileia vastatrix,2015-03-20
https://inaturalist-open-data.s3.amazonaws.com/photos/250771674/large.jpg,https://www.inaturalist.org/observations/145930730,CC BY-NC 4.0,"(c) Hubert Szczygieł, some rights reserved (CC BY-NC)",rust (identified as Hemileia vastatrix),iNaturalist,data_raw/wild/inat/inat_250771674.jpg,inat_250771674,"Makiki/Lower/ Punchbowl/Tantalus, Honolulu, HI, USA",Hemileia vastatrix,2022-12-11
https://inaturalist-open-data.s3.amazonaws.com/photos/251902009/large.jpg,https://www.inaturalist.org/observations/146509854,CC BY 4.0,"(c) Mark Richman, some rights reserved (CC BY)",rust (identified as Hemileia vastatrix),iNaturalist,data_raw/wild/inat/inat_251902009.jpg,inat_251902009,"Calle Bosque Eterno de los Niños, Puntarenas, CR",Hemileia vastatrix,2023-01-13
https://inaturalist-open-data.s3.amazonaws.com/photos/252039716/large.jpg,https://www.inaturalist.org/observations/146581237,CC BY 4.0,"(c) Emily Franzen, some rights reserved (CC BY)",rust (identified as Hemileia vastatrix),iNaturalist,data_raw/wild/inat/inat_252039716.jpg,inat_252039716,"Poas, Alajuela, CR",Hemileia vastatrix,2022-12-28
https://inaturalist-open-data.s3.amazonaws.com/photos/255227928/large.jpeg,https://www.inaturalist.org/observations/148234285,CC BY-NC 4.0,"(c) gcaughey, some rights reserved (CC BY-NC)",rust (identified as Hemileia vastatrix),iNaturalist,data_raw/wild/inat/inat_255227928.jpg,inat_255227928,"Kailua-Kona, HI, USA",Hemileia vastatrix,2023-02-05
https://inaturalist-open-data.s3.amazonaws.com/photos/258261898/large.jpeg,https://www.inaturalist.org/observations/149838631,CC BY 4.0,"(c) Daniel Mesa, some rights reserved (CC BY)",rust (identified as Hemileia vastatrix),iNaturalist,data_raw/wild/inat/inat_258261898.jpg,inat_258261898,"Jardín, Antioquia, Colombia",Hemileia vastatrix,2023-02-27
https://inaturalist-open-data.s3.amazonaws.com/photos/262422509/large.jpeg,https://www.inaturalist.org/observations/152042972,CC BY-NC 4.0,"(c) José García, some rights reserved (CC BY-NC)",rust (identified as Hemileia vastatrix),iNaturalist,data_raw/wild/inat/inat_262422509.jpg,inat_262422509,"20601, Provincia de Alajuela, Bajo Corrales, Costa Rica",Hemileia vastatrix,2023-03-23
https://inaturalist-open-data.s3.amazonaws.com/photos/270387641/large.jpeg,https://www.inaturalist.org/observations/156368567,CC BY 4.0,"(c) Jie-Hao Ou, some rights reserved (CC BY)",rust (identified as Hemileia vastatrix),iNaturalist,data_raw/wild/inat/inat_270387641.jpg,inat_270387641,"WVCP+2R, Yuchi Township, Nantou County, Taiwan 555",Hemileia vastatrix,2023-04-22
https://inaturalist-open-data.s3.amazonaws.com/photos/300262278/large.jpg,https://www.inaturalist.org/observations/172930019,CC0 1.0,no rights reserved,rust (identified as Hemileia vastatrix),iNaturalist,data_raw/wild/inat/inat_300262278.jpg,inat_300262278,"Meu Jardim Vila Sao Francisco, Cruz Alta - RS, Brasil",Hemileia vastatrix,2023-07-10
https://inaturalist-open-data.s3.amazonaws.com/photos/306884526/large.jpeg,https://www.inaturalist.org/observations/176513281,CC BY-NC 4.0,"(c) Yaleskia Denise, some rights reserved (CC BY-NC)",rust (identified as Hemileia vastatrix),iNaturalist,data_raw/wild/inat/inat_306884526.jpg,inat_306884526,"Santa Clara, Panama",Hemileia vastatrix,2023-07-25
https://inaturalist-open-data.s3.amazonaws.com/photos/314826669/large.jpg,https://www.inaturalist.org/observations/180718388,CC BY-NC 4.0,"(c) Jack Johnson, some rights reserved (CC BY-NC)",rust (identified as Hemileia vastatrix),iNaturalist,data_raw/wild/inat/inat_314826669.jpg,inat_314826669,"Makiki/Lower/ Punchbowl/Tantalus, Honolulu, HI, USA",Hemileia vastatrix,2023-08-13
https://inaturalist-open-data.s3.amazonaws.com/photos/340914744/large.jpeg,https://www.inaturalist.org/observations/194026841,CC BY-NC 4.0,"(c) 大肚魚, some rights reserved (CC BY-NC)",rust (identified as Hemileia vastatrix),iNaturalist,data_raw/wild/inat/inat_340914744.jpg,inat_340914744,崁頭山,Hemileia vastatrix,2023-12-14
https://inaturalist-open-data.s3.amazonaws.com/photos/346712103/large.jpg,https://www.inaturalist.org/observations/196934307,CC BY-NC 4.0,"(c) Hubert Szczygieł, some rights reserved (CC BY-NC)",rust (identified as Hemileia vastatrix),iNaturalist,data_raw/wild/inat/inat_346712103.jpg,inat_346712103,"Nuuanu - Punchbowl, Honolulu, HI, USA",Hemileia vastatrix,2023-12-24
https://inaturalist-open-data.s3.amazonaws.com/photos/353220551/large.jpeg,https://www.inaturalist.org/observations/200226211,CC BY-NC 4.0,"(c) Luke Smithson, some rights reserved (CC BY-NC)",rust (identified as Hemileia vastatrix),iNaturalist,data_raw/wild/inat/inat_353220551.jpg,inat_353220551,"Captain Cook, HI, USA",Hemileia vastatrix,2024-02-23
https://inaturalist-open-data.s3.amazonaws.com/photos/354757796/large.jpeg,https://www.inaturalist.org/observations/201011684,CC BY-NC 4.0,"(c) Martin Reith, some rights reserved (CC BY-NC)",rust (identified as Hemileia vastatrix),iNaturalist,data_raw/wild/inat/inat_354757796.jpg,inat_354757796,"Enriquillo, DO-BH, DO",Hemileia vastatrix,2024-02-29
https://inaturalist-open-data.s3.amazonaws.com/photos/354760564/large.jpeg,https://www.inaturalist.org/observations/201013252,CC BY-NC 4.0,"(c) Martin Reith, some rights reserved (CC BY-NC)",rust (identified as Hemileia vastatrix),iNaturalist,data_raw/wild/inat/inat_354760564.jpg,inat_354760564,"Enriquillo, DO-BH, DO",Hemileia vastatrix,2024-02-29
https://inaturalist-open-data.s3.amazonaws.com/photos/461152050/large.jpg,https://www.inaturalist.org/observations/257110789,CC BY-NC 4.0,"(c) Hubert Szczygieł, some rights reserved (CC BY-NC)",rust (identified as Hemileia vastatrix),iNaturalist,data_raw/wild/inat/inat_461152050.jpg,inat_461152050,"Honolulu County, HI, USA",Hemileia vastatrix,2025-01-01
https://inaturalist-open-data.s3.amazonaws.com/photos/466457490/large.jpg,https://www.inaturalist.org/observations/259811116,CC BY 4.0,"(c) Kevin Faccenda, some rights reserved (CC BY)",rust (identified as Hemileia vastatrix),iNaturalist,data_raw/wild/inat/inat_466457490.jpg,inat_466457490,"Honolulu, Hawaii, United States",Hemileia vastatrix,2025-01-14
https://inaturalist-open-data.s3.amazonaws.com/photos/468315325/large.jpg,https://www.inaturalist.org/observations/260749975,CC BY 4.0,"(c) Kevin Faccenda, some rights reserved (CC BY)",rust (identified as Hemileia vastatrix),iNaturalist,data_raw/wild/inat/inat_468315325.jpg,inat_468315325,"Kuliouou - Kalani Iki, Honolulu, HI, USA",Hemileia vastatrix,2025-02-03
https://inaturalist-open-data.s3.amazonaws.com/photos/468318038/large.jpg,https://www.inaturalist.org/observations/260750801,CC BY 4.0,"(c) Kevin Faccenda, some rights reserved (CC BY)",rust (identified as Hemileia vastatrix),iNaturalist,data_raw/wild/inat/inat_468318038.jpg,inat_468318038,"Honolulu, Hawaii, United States",Hemileia vastatrix,2025-02-04
https://inaturalist-open-data.s3.amazonaws.com/photos/474590285/large.jpeg,https://www.inaturalist.org/observations/264124499,CC BY-NC 4.0,"(c) Flavio Genis, some rights reserved (CC BY-NC)",rust (identified as Hemileia vastatrix),iNaturalist,data_raw/wild/inat/inat_474590285.jpg,inat_474590285,"Colonia, Uruapan, Mich., México",Hemileia vastatrix,2025-02-09
https://inaturalist-open-data.s3.amazonaws.com/photos/476252193/large.jpg,https://www.inaturalist.org/observations/265167583,CC BY-NC 4.0,"(c) SorenKM, some rights reserved (CC BY-NC)",rust (identified as Hemileia vastatrix),iNaturalist,data_raw/wild/inat/inat_476252193.jpg,inat_476252193,"Ruta Chirretzaaj, Coban, Alta Verapaz, GT",Hemileia vastatrix,2025-02-18
https://inaturalist-open-data.s3.amazonaws.com/photos/478999702/large.jpeg,https://www.inaturalist.org/observations/266590941,CC0 1.0,no rights reserved,rust (identified as Hemileia vastatrix),iNaturalist,data_raw/wild/inat/inat_478999702.jpg,inat_478999702,"São Carlos, SP, 13571, Brasil",Hemileia vastatrix,2025-03-23
https://inaturalist-open-data.s3.amazonaws.com/photos/542290431/large.jpg,https://www.inaturalist.org/observations/300945413,CC BY-NC 4.0,"(c) Jonas Franke Raupp, some rights reserved (CC BY-NC)",rust (identified as Hemileia vastatrix),iNaturalist,data_raw/wild/inat/inat_542290431.jpg,inat_542290431,"Jardim Oriente, Foz do Iguaçu - PR, 85855, Brasil",Hemileia vastatrix,2025-07-25
https://inaturalist-open-data.s3.amazonaws.com/photos/546406202/large.jpg,https://www.inaturalist.org/observations/303166434,CC BY 4.0,"(c) Eric Schmidt, some rights reserved (CC BY)",rust (identified as Hemileia vastatrix),iNaturalist,data_raw/wild/inat/inat_546406202.jpg,inat_546406202,"Villa de Leyva, Boyacá, Colombia",Hemileia vastatrix,2025-08-02
https://inaturalist-open-data.s3.amazonaws.com/photos/547575187/large.jpg,https://www.inaturalist.org/observations/303784616,CC BY 4.0,"(c) B. Phalan, some rights reserved (CC BY)",rust (identified as Hemileia vastatrix),iNaturalist,data_raw/wild/inat/inat_547575187.jpg,inat_547575187,"Foz do Iguaçu, BR-PR, BR",Hemileia vastatrix,2025-07-29
https://inaturalist-open-data.s3.amazonaws.com/photos/559600961/large.jpg,https://www.inaturalist.org/observations/310082612,CC BY-NC 4.0,"(c) Jonas Franke Raupp, some rights reserved (CC BY-NC)",rust (identified as Hemileia vastatrix),iNaturalist,data_raw/wild/inat/inat_559600961.jpg,inat_559600961,"Souza Cruz, Brusque - SC, Brasil",Hemileia vastatrix,2025-08-29
https://inaturalist-open-data.s3.amazonaws.com/photos/579916212/large.jpg,https://www.inaturalist.org/observations/320721159,CC BY 4.0,"(c) Kevin Faccenda, some rights reserved (CC BY)",rust (identified as Hemileia vastatrix),iNaturalist,data_raw/wild/inat/inat_579916212.jpg,inat_579916212,"North Shore, Waialua, HI, USA",Hemileia vastatrix,2025-10-10
https://inaturalist-open-data.s3.amazonaws.com/photos/591224328/large.jpg,https://www.inaturalist.org/observations/326634451,CC BY-NC 4.0,"(c) Hugo Sun, some rights reserved (CC BY-NC)",rust (identified as Hemileia vastatrix),iNaturalist,data_raw/wild/inat/inat_591224328.jpg,inat_591224328,"090 Country Road, Baoshan, Yunnan, CN",Hemileia vastatrix,2025-11-14
https://inaturalist-open-data.s3.amazonaws.com/photos/601035608/large.jpg,https://www.inaturalist.org/observations/331328094,CC BY-NC 4.0,"(c) Taye Bright, some rights reserved (CC BY-NC)",rust (identified as Hemileia vastatrix),iNaturalist,data_raw/wild/inat/inat_601035608.jpg,inat_601035608,"Santa Cruz La Laguna, Solola, GT",Hemileia vastatrix,2025-12-19
https://inaturalist-open-data.s3.amazonaws.com/photos/603172289/large.jpg,https://www.inaturalist.org/observations/332370048,CC BY-NC 4.0,"(c) Taye Bright, some rights reserved (CC BY-NC)",rust (identified as Hemileia vastatrix),iNaturalist,data_raw/wild/inat/inat_603172289.jpg,inat_603172289,"2a Avenida del Chajón, Antigua Guatemala, Sacatepéquez, GT",Hemileia vastatrix,2025-12-26
https://inaturalist-open-data.s3.amazonaws.com/photos/608817434/large.jpg,https://www.inaturalist.org/observations/335161980,CC BY-NC 4.0,"(c) jcabarcap, some rights reserved (CC BY-NC)",rust (identified as Hemileia vastatrix),iNaturalist,data_raw/wild/inat/inat_608817434.jpg,inat_608817434,"WXVH+69V, San José, San Rafael, Costa Rica",Hemileia vastatrix,2026-01-13
https://inaturalist-open-data.s3.amazonaws.com/photos/620701348/large.jpg,https://www.inaturalist.org/observations/341018163,CC BY-NC 4.0,"(c) Jonas Franke Raupp, some rights reserved (CC BY-NC)",rust (identified as Hemileia vastatrix),iNaturalist,data_raw/wild/inat/inat_620701348.jpg,inat_620701348,"Centro 1, Brusque - SC, Brasil",Hemileia vastatrix,2026-03-02
https://inaturalist-open-data.s3.amazonaws.com/photos/694980238/large.jpg,https://www.inaturalist.org/observations/379908361,CC0 1.0,no rights reserved,rust (identified as Hemileia vastatrix),iNaturalist,data_raw/wild/inat/inat_694980238.jpg,inat_694980238,"Waialua, HI 96791, USA",Hemileia vastatrix,2026-07-09
https://inaturalist-open-data.s3.amazonaws.com/photos/736874235/large.jpg,https://www.inaturalist.org/observations/401470115,CC BY-NC 4.0,"(c) Jennifer Fieffer, some rights reserved (CC BY-NC)",rust (identified as Hemileia vastatrix),iNaturalist,data_raw/wild/inat/inat_736874235.jpg,inat_736874235,"Oʻahu, Wahiawa, HI, US",Hemileia vastatrix,2026-09-18
https://inaturalist-open-data.s3.amazonaws.com/photos/738164353/large.jpg,https://www.inaturalist.org/observations/402121247,CC0 1.0,no rights reserved,rust (identified as Hemileia vastatrix),iNaturalist,data_raw/wild/inat/inat_738164353.jpg,inat_738164353,"Waialae - Kahala, Honolulu, HI, USA",Hemileia vastatrix,2026-09-20
https://inaturalist-open-data.s3.amazonaws.com/photos/743656718/large.jpg,https://www.inaturalist.org/observations/404909484,CC BY-NC 4.0,"(c) Jennifer Fieffer, some rights reserved (CC BY-NC)",rust (identified as Hemileia vastatrix),iNaturalist,data_raw/wild/inat/inat_743656718.jpg,inat_743656718,"Oʻahu, Haleiwa, HI, US",Hemileia vastatrix,2026-09-22
https://inaturalist-open-data.s3.amazonaws.com/photos/131863895/large.jpeg,https://www.inaturalist.org/observations/80451618,CC BY-NC 4.0,"(c) ab83, some rights reserved (CC BY-NC)",coffee_plant_unverified (check: leaf visible? healthy or not?),iNaturalist,data_raw/wild/inat/inat_131863895.jpg,inat_131863895,"Kapaʻa, HI 96746, USA",Coffea arabica,2021-05-26
https://inaturalist-open-data.s3.amazonaws.com/photos/186029254/large.jpg,https://www.inaturalist.org/observations/110291610,CC BY-NC 4.0,"(c) waltervivas00321903, some rights reserved (CC BY-NC)",coffee_plant_unverified (check: leaf visible? healthy or not?),iNaturalist,data_raw/wild/inat/inat_186029254.jpg,inat_186029254,"San Pablo, Quito, Pichincha, EC",Coffea arabica,2022-04-03
https://inaturalist-open-data.s3.amazonaws.com/photos/245562010/large.jpeg,https://www.inaturalist.org/observations/143198285,CC BY 4.0,"(c) Nuvia Hernandez, some rights reserved (CC BY)",coffee_plant_unverified (check: leaf visible? healthy or not?),iNaturalist,data_raw/wild/inat/inat_245562010.jpg,inat_245562010,"Santa Fe, Panamá",Coffea arabica,2022-11-28
https://inaturalist-open-data.s3.amazonaws.com/photos/314117083/large.jpeg,https://www.inaturalist.org/observations/180340770,CC BY-NC 4.0,"(c) Carlos G Velazco-Macias, some rights reserved (CC BY-NC)",coffee_plant_unverified (check: leaf visible? healthy or not?),iNaturalist,data_raw/wild/inat/inat_314117083.jpg,inat_314117083,"Mlimani, Tanzania",Coffea arabica,2023-08-08
https://inaturalist-open-data.s3.amazonaws.com/photos/337745260/large.jpeg,https://www.inaturalist.org/observations/192401327,CC BY 4.0,"(c) Maike Letícia Link Bianchini, some rights reserved (CC BY)",coffee_plant_unverified (check: leaf visible? healthy or not?),iNaturalist,data_raw/wild/inat/inat_337745260.jpg,inat_337745260,"Das Capitais, Timbó - SC, 89120-000, Brasil",Coffea arabica,2023-11-26
https://inaturalist-open-data.s3.amazonaws.com/photos/366659552/large.jpg,https://www.inaturalist.org/observations/207298963,CC BY-NC 4.0,"(c) Diego Monsores, some rights reserved (CC BY-NC)",coffee_plant_unverified (check: leaf visible? healthy or not?),iNaturalist,data_raw/wild/inat/inat_366659552.jpg,inat_366659552,"Estrada das Torres, Rio de Janeiro, RJ, BR",Coffea arabica,2024-04-14
https://inaturalist-open-data.s3.amazonaws.com/photos/425650443/large.jpeg,https://www.inaturalist.org/observations/239034546,CC BY-NC 4.0,"(c) E. Tadeo Hernández Almanza, some rights reserved (CC BY-NC)",coffee_plant_unverified (check: leaf visible? healthy or not?),iNaturalist,data_raw/wild/inat/inat_425650443.jpg,inat_425650443,"Filandia, Quindío, Colombia",Coffea arabica,2024-08-31
https://inaturalist-open-data.s3.amazonaws.com/photos/514402647/large.jpg,https://www.inaturalist.org/observations/286154525,CC BY-NC 4.0,"(c) Theodore, some rights reserved (CC BY-NC)",coffee_plant_unverified (check: leaf visible? healthy or not?),iNaturalist,data_raw/wild/inat/inat_514402647.jpg,inat_514402647,"2P6F+WVR, Provincia de Alajuela, Ánimas, Costa Rica",Coffea arabica,2025-05-31
https://inaturalist-open-data.s3.amazonaws.com/photos/587747825/large.jpg,https://www.inaturalist.org/observations/324699125,CC BY-SA 4.0,"(c) Marcelo Venturi, some rights reserved (CC BY-SA)",coffee_plant_unverified (check: leaf visible? healthy or not?),iNaturalist,data_raw/wild/inat/inat_587747825.jpg,inat_587747825,"Campus, Florianópolis - SC, Brasil",Coffea arabica,2025-11-03
https://inaturalist-open-data.s3.amazonaws.com/photos/602159645/large.jpg,https://www.inaturalist.org/observations/331877696,CC BY-NC 4.0,"(c) Rachel Reese, some rights reserved (CC BY-NC)",coffee_plant_unverified (check: leaf visible? healthy or not?),iNaturalist,data_raw/wild/inat/inat_602159645.jpg,inat_602159645,"Weir Rd, Kuranda, QLD, AU",Coffea arabica,2025-12-24
https://inaturalist-open-data.s3.amazonaws.com/photos/604645309/large.jpg,https://www.inaturalist.org/observations/333087185,CC BY-NC 4.0,"(c) karuka, some rights reserved (CC BY-NC)",coffee_plant_unverified (check: leaf visible? healthy or not?),iNaturalist,data_raw/wild/inat/inat_604645309.jpg,inat_604645309,"Fig Tree Road, East Barron QLD 4883, Australia",Coffea arabica,2026-01-02
https://inaturalist-open-data.s3.amazonaws.com/photos/730289768/large.jpg,https://www.inaturalist.org/observations/398119457,CC BY 4.0,"(c) chiuluan, some rights reserved (CC BY)",coffee_plant_unverified (check: leaf visible? healthy or not?),iNaturalist,data_raw/wild/inat/inat_730289768.jpg,inat_730289768,335台灣桃園市大溪區永福里,Coffea arabica,2026-09-07
https://inaturalist-open-data.s3.amazonaws.com/photos/731909256/large.jpg,https://www.inaturalist.org/observations/398952456,CC0 1.0,no rights reserved,coffee_plant_unverified (check: leaf visible? healthy or not?),iNaturalist,data_raw/wild/inat/inat_731909256.jpg,inat_731909256,"Rua São Marcos, 2134-2136 - São Marcos, Salvador - BA, Brasil - São Marcos, Salvador - BA, 41253-247, Brasil",Coffea arabica,2026-09-09
https://inaturalist-open-data.s3.amazonaws.com/photos/83605777/large.jpeg,https://www.inaturalist.org/observations/52588095,CC BY-NC 4.0,"(c) Jessica Schrishuhn, some rights reserved (CC BY-NC)",coffee_plant_unverified (check: leaf visible? healthy or not?),iNaturalist,data_raw/wild/inat/inat_83605777.jpg,inat_83605777,"Kailua-Kona, HI 96740, USA",Coffea arabica,2019-07-02
https://inaturalist-open-data.s3.amazonaws.com/photos/363225576/large.jpg,https://www.inaturalist.org/observations/205424436,CC BY-NC 4.0,"(c) davidbuitronagronomi, some rights reserved (CC BY-NC)",coffee_plant_unverified (check: leaf visible? healthy or not?),iNaturalist,data_raw/wild/inat/inat_363225576.jpg,inat_363225576,"Paseo San Francisco, Quito, Pichincha, EC",Coffea arabica,2024-04-04
https://inaturalist-open-data.s3.amazonaws.com/photos/170187888/large.jpeg,https://www.inaturalist.org/observations/101872902,CC BY-NC 4.0,"(c) kasiisibees, some rights reserved (CC BY-NC)",coffee_plant_unverified (check: leaf visible? healthy or not?),iNaturalist,data_raw/wild/inat/inat_170187888.jpg,inat_170187888,"Kibale, UG-KE, UG",Coffea arabica,2021-11-22
https://inaturalist-open-data.s3.amazonaws.com/photos/22895755/large.jpeg,https://www.inaturalist.org/observations/15295064,CC BY-NC 4.0,"(c) Benigno Gómez Garza, some rights reserved (CC BY-NC)",coffee_plant_unverified (check: leaf visible? healthy or not?),iNaturalist,data_raw/wild/inat/inat_22895755.jpg,inat_22895755,"Viñales, Cuba",Coffea arabica,2011-07-26
https://inaturalist-open-data.s3.amazonaws.com/photos/641982341/large.jpg,https://www.inaturalist.org/observations/351771001,CC BY-NC 4.0,"(c) Konika Jangir, some rights reserved (CC BY-NC)",coffee_plant_unverified (check: leaf visible? healthy or not?),iNaturalist,data_raw/wild/inat/inat_641982341.jpg,inat_641982341,"Batu, East Java, ID",Coffea arabica,2024-06-20
https://inaturalist-open-data.s3.amazonaws.com/photos/630221556/large.jpg,https://www.inaturalist.org/observations/345789814,CC BY-NC 4.0,"(c) seanbasquill, some rights reserved (CC BY-NC)",coffee_plant_unverified (check: leaf visible? healthy or not?),iNaturalist,data_raw/wild/inat/inat_630221556.jpg,inat_630221556,"Palmiste, St Lucia",Coffea arabica,2026-03-17
https://inaturalist-open-data.s3.amazonaws.com/photos/43147955/large.jpeg,https://www.inaturalist.org/observations/27713901,CC BY-NC 4.0,"(c) IndaWoods, some rights reserved (CC BY-NC)",coffee_plant_unverified (check: leaf visible? healthy or not?),iNaturalist,data_raw/wild/inat/inat_43147955.jpg,inat_43147955,"Kauai Coffee, Hawaii 96741, USA",Coffea arabica,2019-06-26
https://inaturalist-open-data.s3.amazonaws.com/photos/450928386/large.jpeg,https://www.inaturalist.org/observations/251955158,CC BY 4.0,"(c) Ingvild Riska, some rights reserved (CC BY)",coffee_plant_unverified (check: leaf visible? healthy or not?),iNaturalist,data_raw/wild/inat/inat_450928386.jpg,inat_450928386,"Parque Nacional Galápagos, Santa Cruz, Provincia de Galapagos, EC",Coffea arabica,2024-11-16
https://inaturalist-open-data.s3.amazonaws.com/photos/436321362/large.jpeg,https://www.inaturalist.org/observations/244595099,CC BY-NC 4.0,"(c) slk90, some rights reserved (CC BY-NC)",coffee_plant_unverified (check: leaf visible? healthy or not?),iNaturalist,data_raw/wild/inat/inat_436321362.jpg,inat_436321362,,Coffea arabica,2023-02-08
https://inaturalist-open-data.s3.amazonaws.com/photos/676640436/large.jpg,https://www.inaturalist.org/observations/368085961,CC BY-NC 4.0,"(c) Andrei Chica, some rights reserved (CC BY-NC)",coffee_plant_unverified (check: leaf visible? healthy or not?),iNaturalist,data_raw/wild/inat/inat_676640436.jpg,inat_676640436,"Fusagasugá, CO-CU, CO",Coffea arabica,2026-06-03
https://inaturalist-open-data.s3.amazonaws.com/photos/564912857/large.jpg,https://www.inaturalist.org/observations/312855376,CC BY-NC 4.0,"(c) Adzkafillah Nuruzzaman, some rights reserved (CC BY-NC)",coffee_plant_unverified (check: leaf visible? healthy or not?),iNaturalist,data_raw/wild/inat/inat_564912857.jpg,inat_564912857,"X327+G4R, Wonorejo, Kandangtepus, Kec. Senduro, Kabupaten Lumajang, Jawa Timur 67361, Indonesia",Coffea arabica,2025-09-08
https://inaturalist-open-data.s3.amazonaws.com/photos/41566857/large.jpg,https://www.inaturalist.org/observations/26757644,CC BY-NC 4.0,"(c) Troos van der Merwe, some rights reserved (CC BY-NC)",coffee_plant_unverified (check: leaf visible? healthy or not?),iNaturalist,data_raw/wild/inat/inat_41566857.jpg,inat_41566857,"1205, , MP, ZA",Coffea arabica,2019-06-10
https://inaturalist-open-data.s3.amazonaws.com/photos/285074652/large.jpg,https://www.inaturalist.org/observations/164738924,CC BY-NC 4.0,"(c) James K. Wetterer, some rights reserved (CC BY-NC)",coffee_plant_unverified (check: leaf visible? healthy or not?),iNaturalist,data_raw/wild/inat/inat_285074652.jpg,inat_285074652,"Parque Nacional Galápagos, Santa Cruz, Galapagos, EC",Coffea arabica,2023-05-24
https://inaturalist-open-data.s3.amazonaws.com/photos/158652796/large.jpeg,https://www.inaturalist.org/observations/95556391,CC BY-NC 4.0,"(c) valeriamb, some rights reserved (CC BY-NC)",coffee_plant_unverified (check: leaf visible? healthy or not?),iNaturalist,data_raw/wild/inat/inat_158652796.jpg,inat_158652796,Calle 19 de Octubre,Coffea arabica,2021-09-20
https://inaturalist-open-data.s3.amazonaws.com/photos/474133734/large.jpg,https://www.inaturalist.org/observations/263879267,CC BY-NC 4.0,"(c) jimclark, some rights reserved (CC BY-NC)",coffee_plant_unverified (check: leaf visible? healthy or not?),iNaturalist,data_raw/wild/inat/inat_474133734.jpg,inat_474133734,"Circular Route, Mbombela, Mpumalanga, ZA",Coffea arabica,2025-03-04
https://inaturalist-open-data.s3.amazonaws.com/photos/324411122/large.jpeg,https://www.inaturalist.org/observations/185723454,CC BY-NC 4.0,"(c) Michał Górski, some rights reserved (CC BY-NC)",coffee_plant_unverified (check: leaf visible? healthy or not?),iNaturalist,data_raw/wild/inat/inat_324411122.jpg,inat_324411122,"Bali, ID",Coffea arabica,2023-09-30
https://inaturalist-open-data.s3.amazonaws.com/photos/25782067/large.jpg,https://www.inaturalist.org/observations/17043145,CC BY 4.0,"(c) Carlos Domínguez-Rodríguez, some rights reserved (CC BY)",coffee_plant_unverified (check: leaf visible? healthy or not?),iNaturalist,data_raw/wild/inat/inat_25782067.jpg,inat_25782067,"Santiago Xanica, Oax., México",Coffea arabica,2018-09-25
https://inaturalist-open-data.s3.amazonaws.com/photos/347956247/large.jpeg,https://www.inaturalist.org/observations/197542687,CC BY-NC 4.0,"(c) Shaveen Madushka, some rights reserved (CC BY-NC)",coffee_plant_unverified (check: leaf visible? healthy or not?),iNaturalist,data_raw/wild/inat/inat_347956247.jpg,inat_347956247,Sri Lanka,Coffea arabica,2024-01-25
https://inaturalist-open-data.s3.amazonaws.com/photos/135948062/large.jpg,https://www.inaturalist.org/observations/82810706,CC BY 4.0,"(c) Kevin Faccenda, some rights reserved (CC BY)",coffee_plant_unverified (check: leaf visible? healthy or not?),iNaturalist,data_raw/wild/inat/inat_135948062.jpg,inat_135948062,"Honolulu, Hawaii, United States",Coffea arabica,2021-05-31
https://inaturalist-open-data.s3.amazonaws.com/photos/712144812/large.jpg,https://www.inaturalist.org/observations/388810384,CC BY-NC 4.0,"(c) anachurro, some rights reserved (CC BY-NC)",coffee_plant_unverified (check: leaf visible? healthy or not?),iNaturalist,data_raw/wild/inat/inat_712144812.jpg,inat_712144812,"Chiriqui, PA",Coffea arabica,2026-08-06
https://inaturalist-open-data.s3.amazonaws.com/photos/629681455/large.jpg,https://www.inaturalist.org/observations/345550138,CC BY-NC 4.0,"(c) tt2019, some rights reserved (CC BY-NC)",coffee_plant_unverified (check: leaf visible? healthy or not?),iNaturalist,data_raw/wild/inat/inat_629681455.jpg,inat_629681455,Panama,Coffea arabica,2014-02-18
https://inaturalist-open-data.s3.amazonaws.com/photos/328832629/large.jpg,https://www.inaturalist.org/observations/187963827,CC BY-NC 4.0,"(c) Larry Chen, some rights reserved (CC BY-NC)",coffee_plant_unverified (check: leaf visible? healthy or not?),iNaturalist,data_raw/wild/inat/inat_328832629.jpg,inat_328832629,"Puerto Rico, Maricao, Puerto Rico, US",Coffea arabica,2023-10-14
https://inaturalist-open-data.s3.amazonaws.com/photos/495185308/large.jpg,https://www.inaturalist.org/observations/274832542,CC BY-NC 4.0,"(c) Andressa Folly, some rights reserved (CC BY-NC)",coffee_plant_unverified (check: leaf visible? healthy or not?),iNaturalist,data_raw/wild/inat/inat_495185308.jpg,inat_495185308,"Avenida Professor Lucas de Assunção, São Paulo, SP, BR",Coffea arabica,2025-04-27
https://inaturalist-open-data.s3.amazonaws.com/photos/297602906/large.jpeg,https://www.inaturalist.org/observations/171499992,CC BY-NC 4.0,"(c) aubergineshinobi, some rights reserved (CC BY-NC)",coffee_plant_unverified (check: leaf visible? healthy or not?),iNaturalist,data_raw/wild/inat/inat_297602906.jpg,inat_297602906,Nanakuli,Coffea arabica,2023-07-06
https://inaturalist-open-data.s3.amazonaws.com/photos/636507912/large.jpg,https://www.inaturalist.org/observations/348969491,CC BY-NC 4.0,"(c) Juan Carlos López Domínguez, some rights reserved (CC BY-NC)",coffee_plant_unverified (check: leaf visible? healthy or not?),iNaturalist,data_raw/wild/inat/inat_636507912.jpg,inat_636507912,"Xalapa, Veracruz, Mexico",Coffea arabica,2026-01-28
https://inaturalist-open-data.s3.amazonaws.com/photos/177282387/large.jpeg,https://www.inaturalist.org/observations/105635272,CC BY-NC 4.0,"(c) Elí Misael Bobadilla, some rights reserved (CC BY-NC)",coffee_plant_unverified (check: leaf visible? healthy or not?),iNaturalist,data_raw/wild/inat/inat_177282387.jpg,inat_177282387,"Parada 11 - Ruta R - Antonio Guzman Fernandez, Santiago De Los Caballeros 51000, República Dominicana",Coffea arabica,2022-01-26
https://inaturalist-open-data.s3.amazonaws.com/photos/520538523/large.jpg,https://www.inaturalist.org/observations/289410096,CC BY-NC 4.0,"(c) Gavin, some rights reserved (CC BY-NC)",coffee_plant_unverified (check: leaf visible? healthy or not?),iNaturalist,data_raw/wild/inat/inat_520538523.jpg,inat_520538523,"Wattle St, Mount Crosby, QLD, AU",Coffea arabica,2025-06-14
https://inaturalist-open-data.s3.amazonaws.com/photos/88658897/large.jpg,https://www.inaturalist.org/observations/55667780,CC BY-NC 4.0,"(c) Gustavo U, some rights reserved (CC BY-NC)",coffee_plant_unverified (check: leaf visible? healthy or not?),iNaturalist,data_raw/wild/inat/inat_88658897.jpg,inat_88658897,"Marcala, Honduras",Coffea arabica,2017-06-17
https://inaturalist-open-data.s3.amazonaws.com/photos/272134851/large.jpeg,https://www.inaturalist.org/observations/157387403,CC BY-NC 4.0,"(c) Peta Jansma-Reid, some rights reserved (CC BY-NC)",coffee_plant_unverified (check: leaf visible? healthy or not?),iNaturalist,data_raw/wild/inat/inat_272134851.jpg,inat_272134851,"Springwood QLD 4127, Australia",Coffea arabica,2023-04-29
https://inaturalist-open-data.s3.amazonaws.com/photos/483259275/large.jpg,https://www.inaturalist.org/observations/247570015,CC BY-NC 4.0,"(c) talibanana, some rights reserved (CC BY-NC)",coffee_plant_unverified (check: leaf visible? healthy or not?),iNaturalist,data_raw/wild/inat/inat_483259275.jpg,inat_483259275,"Wights Mountain Rd, Wights Mountain, QLD, AU",Coffea arabica,2024-10-16
https://inaturalist-open-data.s3.amazonaws.com/photos/650709984/large.jpg,https://www.inaturalist.org/observations/356806389,CC BY-NC 4.0,"(c) Jan Aira Viado, some rights reserved (CC BY-NC)",coffee_plant_unverified (check: leaf visible? healthy or not?),iNaturalist,data_raw/wild/inat/inat_650709984.jpg,inat_650709984,"9JW6+RG9 Camp John Hay Park, Camp John Hay, Baguio, Benguet, Philippines",Coffea arabica,2026-04-30
https://inaturalist-open-data.s3.amazonaws.com/photos/389190697/large.jpeg,https://www.inaturalist.org/observations/219860256,CC BY 4.0,"(c) Conrado Pável de Oliveira, some rights reserved (CC BY)",coffee_plant_unverified (check: leaf visible? healthy or not?),iNaturalist,data_raw/wild/inat/inat_389190697.jpg,inat_389190697,"Jardim Lermitage, Juiz de Fora - MG, Brasil",Coffea arabica,2024-05-29
https://inaturalist-open-data.s3.amazonaws.com/photos/168567376/large.jpg,https://www.inaturalist.org/observations/100965983,CC BY 4.0,"(c) Neptalí Ramírez Marcial, some rights reserved (CC BY)",coffee_plant_unverified (check: leaf visible? healthy or not?),iNaturalist,data_raw/wild/inat/inat_168567376.jpg,inat_168567376,"San Cristóbal de Las Casas, Chis., México",Coffea arabica,2021-11-12
https://inaturalist-open-data.s3.amazonaws.com/photos/697338287/large.jpg,https://www.inaturalist.org/observations/381128479,CC BY-NC 4.0,"(c) mandarijn77, some rights reserved (CC BY-NC)",coffee_plant_unverified (check: leaf visible? healthy or not?),iNaturalist,data_raw/wild/inat/inat_697338287.jpg,inat_697338287,"Kosñipata, 08145, Peru",Coffea arabica,2026-07-13
https://inaturalist-open-data.s3.amazonaws.com/photos/532676099/large.jpg,https://www.inaturalist.org/observations/295868262,CC BY-NC 4.0,"(c) Aaron Trkovsky, some rights reserved (CC BY-NC)",coffee_plant_unverified (check: leaf visible? healthy or not?),iNaturalist,data_raw/wild/inat/inat_532676099.jpg,inat_532676099,"Kealakekua, HI, USA",Coffea arabica,2025-07-06
https://inaturalist-open-data.s3.amazonaws.com/photos/340554328/large.jpg,https://www.inaturalist.org/observations/193830268,CC BY-NC 4.0,"(c) Omar Monzon Carmona, some rights reserved (CC BY-NC)",coffee_plant_unverified (check: leaf visible? healthy or not?),iNaturalist,data_raw/wild/inat/inat_340554328.jpg,inat_340554328,Puerto Rico,Coffea arabica,2023-12-11
https://inaturalist-open-data.s3.amazonaws.com/photos/651853680/large.jpg,https://www.inaturalist.org/observations/357393571,CC BY-NC 4.0,"(c) Shivani Naidu, some rights reserved (CC BY-NC)",coffee_plant_unverified (check: leaf visible? healthy or not?),iNaturalist,data_raw/wild/inat/inat_651853680.jpg,inat_651853680,"Malolo Island, Fiji",Coffea arabica,2026-05-02
https://inaturalist-open-data.s3.amazonaws.com/photos/737219544/large.jpg,https://www.inaturalist.org/observations/401650565,CC BY-NC 4.0,"(c) maryb1957, some rights reserved (CC BY-NC)",coffee_plant_unverified (check: leaf visible? healthy or not?),iNaturalist,data_raw/wild/inat/inat_737219544.jpg,inat_737219544,Kalaheo,Coffea arabica,2026-09-19
https://inaturalist-open-data.s3.amazonaws.com/photos/369537315/large.jpeg,https://www.inaturalist.org/observations/208839928,CC BY-NC 4.0,"(c) deadofwrite, some rights reserved (CC BY-NC)",coffee_plant_unverified (check: leaf visible? healthy or not?),iNaturalist,data_raw/wild/inat/inat_369537315.jpg,inat_369537315,"5WW7+J5R, Pante Jaloh, Kec. Sawang, Kabupaten Aceh Utara, Aceh, Indonesia",Coffea arabica,2024-04-19
https://inaturalist-open-data.s3.amazonaws.com/photos/494167564/large.jpeg,https://www.inaturalist.org/observations/274948659,CC BY-NC 4.0,"(c) N.Bello, some rights reserved (CC BY-NC)",coffee_plant_unverified (check: leaf visible? healthy or not?),iNaturalist,data_raw/wild/inat/inat_494167564.jpg,inat_494167564,"Matoury 97351, Guyane française",Coffea arabica,2025-04-27
https://inaturalist-open-data.s3.amazonaws.com/photos/176332922/large.jpg,https://www.inaturalist.org/observations/105135581,CC BY-NC 4.0,"(c) Lucas A. Giovannini, some rights reserved (CC BY-NC)",coffee_plant_unverified (check: leaf visible? healthy or not?),iNaturalist,data_raw/wild/inat/inat_176332922.jpg,inat_176332922,Mogi das Cruzes,Coffea arabica,2022-01-16
https://inaturalist-open-data.s3.amazonaws.com/photos/3593858/large.JPG,http://naturewatch.org.nz/observations/3109326,CC BY-SA 4.0,"(c) Colin Meurk, some rights reserved (CC BY-SA)",coffee_plant_unverified (check: leaf visible? healthy or not?),iNaturalist,data_raw/wild/inat/inat_3593858.jpg,inat_3593858,"Mangaia, Cook Islands",Coffea arabica,2015-08-04
https://inaturalist-open-data.s3.amazonaws.com/photos/535900845/large.jpg,https://www.inaturalist.org/observations/297560211,CC BY-NC 4.0,"(c) Timshroom, some rights reserved (CC BY-NC)",coffee_plant_unverified (check: leaf visible? healthy or not?),iNaturalist,data_raw/wild/inat/inat_535900845.jpg,inat_535900845,"Hornsby Heights NSW 2077, Australia",Coffea arabica,2023-11-26
https://inaturalist-open-data.s3.amazonaws.com/photos/699018588/large.jpg,https://www.inaturalist.org/observations/381993646,CC BY-NC 4.0,"(c) ratimusmaximus, some rights reserved (CC BY-NC)",coffee_plant_unverified (check: leaf visible? healthy or not?),iNaturalist,data_raw/wild/inat/inat_699018588.jpg,inat_699018588,"El Palmar, Quetzaltenango, GT",Coffea arabica,2026-07-16
https://inaturalist-open-data.s3.amazonaws.com/photos/374752281/large.jpg,https://www.inaturalist.org/observations/212043408,CC BY-NC 4.0,"(c) arthur_marc, some rights reserved (CC BY-NC)",coffee_plant_unverified (check: leaf visible? healthy or not?),iNaturalist,data_raw/wild/inat/inat_374752281.jpg,inat_374752281,"Butantã, São Paulo - SP, Brasil",Coffea arabica,2024-04-29
https://inaturalist-open-data.s3.amazonaws.com/photos/654593938/large.jpg,https://www.inaturalist.org/observations/358806528,CC BY-NC 4.0,"(c) LI YENING, some rights reserved (CC BY-NC)",coffee_plant_unverified (check: leaf visible? healthy or not?),iNaturalist,data_raw/wild/inat/inat_654593938.jpg,inat_654593938,"Gianyar, Bali, ID",Coffea arabica,2026-04-28
https://inaturalist-open-data.s3.amazonaws.com/photos/267482173/large.jpg,https://www.inaturalist.org/observations/154783893,CC BY-NC 4.0,"(c) swetlana_k, some rights reserved (CC BY-NC)",coffee_plant_unverified (check: leaf visible? healthy or not?),iNaturalist,data_raw/wild/inat/inat_267482173.jpg,inat_267482173,"San José, CR",Coffea arabica,2022-09-04
https://inaturalist-open-data.s3.amazonaws.com/photos/510735309/large.jpg,https://www.inaturalist.org/observations/284198912,CC BY-NC 4.0,"(c) belmyne, some rights reserved (CC BY-NC)",coffee_plant_unverified (check: leaf visible? healthy or not?),iNaturalist,data_raw/wild/inat/inat_510735309.jpg,inat_510735309,Chom Thong,Coffea arabica,2025-05-26
https://inaturalist-open-data.s3.amazonaws.com/photos/45484588/large.jpg,https://www.inaturalist.org/observations/29151541,CC BY-NC 4.0,"(c) katiehale20, some rights reserved (CC BY-NC)",coffee_plant_unverified (check: leaf visible? healthy or not?),iNaturalist,data_raw/wild/inat/inat_45484588.jpg,inat_45484588,"870 RT-540, Kalaheo, HI, US",Coffea arabica,2019-07-19
https://inaturalist-open-data.s3.amazonaws.com/photos/639736466/large.jpg,https://www.inaturalist.org/observations/350610828,CC BY-NC 4.0,"(c) Sadu, some rights reserved (CC BY-NC)",coffee_plant_unverified (check: leaf visible? healthy or not?),iNaturalist,data_raw/wild/inat/inat_639736466.jpg,inat_639736466,"Jimma - Chida, Dedo, Oromia, ET",Coffea arabica,2026-04-17
https://inaturalist-open-data.s3.amazonaws.com/photos/13641986/large.jpg,https://www.inaturalist.org/observations/9939958,CC BY-NC 4.0,"(c) Dariana Isamel Avila Velasquez, some rights reserved (CC BY-NC)",coffee_plant_unverified (check: leaf visible? healthy or not?),iNaturalist,data_raw/wild/inat/inat_13641986.jpg,inat_13641986,"Departamento de La Paz, Honduras",Coffea arabica,2015-11-27
https://inaturalist-open-data.s3.amazonaws.com/photos/645397957/large.jpg,https://www.inaturalist.org/observations/353745195,CC BY-NC 4.0,"(c) Ana Lua, some rights reserved (CC BY-NC)",coffee_plant_unverified (check: leaf visible? healthy or not?),iNaturalist,data_raw/wild/inat/inat_645397957.jpg,inat_645397957,"Parque da Previdência, São Paulo, SP, BR",Coffea arabica,2026-04-25
https://inaturalist-open-data.s3.amazonaws.com/photos/40393319/large.jpeg,https://www.inaturalist.org/observations/26036399,CC BY-NC 4.0,"(c) Holger Beck, some rights reserved (CC BY-NC)",coffee_plant_unverified (check: leaf visible? healthy or not?),iNaturalist,data_raw/wild/inat/inat_40393319.jpg,inat_40393319,Santa Lucía Ecolodge,Coffea arabica,2012-11-18
https://inaturalist-open-data.s3.amazonaws.com/photos/528144082/large.jpg,https://www.inaturalist.org/observations/293436440,CC0 1.0,no rights reserved,coffee_plant_unverified (check: leaf visible? healthy or not?),iNaturalist,data_raw/wild/inat/inat_528144082.jpg,inat_528144082,"Indian Creek, Belize",Coffea arabica,2025-06-28
https://inaturalist-open-data.s3.amazonaws.com/photos/397708662/large.jpeg,https://www.inaturalist.org/observations/224397334,CC BY-NC 4.0,"(c) h_azizah, some rights reserved (CC BY-NC)",coffee_plant_unverified (check: leaf visible? healthy or not?),iNaturalist,data_raw/wild/inat/inat_397708662.jpg,inat_397708662,"4P5J+Q84, Cilengkrang, Bandung Regency, West Java 40615, Indonesia",Coffea arabica,2024-06-09
https://inaturalist-open-data.s3.amazonaws.com/photos/103385439/large.jpeg,https://www.inaturalist.org/observations/64318303,CC BY-NC 4.0,"(c) joel_cabrera_28, some rights reserved (CC BY-NC)",coffee_plant_unverified (check: leaf visible? healthy or not?),iNaturalist,data_raw/wild/inat/inat_103385439.jpg,inat_103385439,"Loja, Ecuador",Coffea arabica,2020-11-05
https://inaturalist-open-data.s3.amazonaws.com/photos/688224033/large.jpg,https://www.inaturalist.org/observations/376413292,CC BY-NC 4.0,"(c) chilicote, some rights reserved (CC BY-NC)",coffee_plant_unverified (check: leaf visible? healthy or not?),iNaturalist,data_raw/wild/inat/inat_688224033.jpg,inat_688224033,"Carrera 14, Armenia, Quindío, CO",Coffea arabica,2026-06-14
https://inaturalist-open-data.s3.amazonaws.com/photos/453139992/large.jpeg,https://www.inaturalist.org/observations/253105702,CC BY-NC 4.0,"(c) angekennedy, some rights reserved (CC BY-NC)",coffee_plant_unverified (check: leaf visible? healthy or not?),iNaturalist,data_raw/wild/inat/inat_453139992.jpg,inat_453139992,"Greenock Pl, Kiels Mountain, QLD, AU",Coffea arabica,2024-11-26
https://inaturalist-open-data.s3.amazonaws.com/photos/463005231/large.jpg,https://www.inaturalist.org/observations/258089544,CC BY-NC 4.0,"(c) adizzo, some rights reserved (CC BY-NC)",coffee_plant_unverified (check: leaf visible? healthy or not?),iNaturalist,data_raw/wild/inat/inat_463005231.jpg,inat_463005231,"Karatu, TZ",Coffea arabica,2025-01-10
https://inaturalist-open-data.s3.amazonaws.com/photos/447862241/large.jpeg,https://www.inaturalist.org/observations/250418814,CC0 1.0,no rights reserved,coffee_plant_unverified (check: leaf visible? healthy or not?),iNaturalist,data_raw/wild/inat/inat_447862241.jpg,inat_447862241,"Eacham, AU-QL, AU",Coffea arabica,2024-11-03
https://inaturalist-open-data.s3.amazonaws.com/photos/335085074/large.jpg,https://www.inaturalist.org/observations/191062470,CC BY-NC 4.0,"(c) Steve Maldonado Silvestrini, some rights reserved (CC BY-NC)",coffee_plant_unverified (check: leaf visible? healthy or not?),iNaturalist,data_raw/wild/inat/inat_335085074.jpg,inat_335085074,Puerto Rico,Coffea arabica,2023-11-14
https://inaturalist-open-data.s3.amazonaws.com/photos/239966972/large.jpeg,https://www.inaturalist.org/observations/140207286,CC BY-NC 4.0,"(c) angeledo, some rights reserved (CC BY-NC)",coffee_plant_unverified (check: leaf visible? healthy or not?),iNaturalist,data_raw/wild/inat/inat_239966972.jpg,inat_239966972,Nacimiento del Río Atoyac,Coffea arabica,2022-10-27
https://inaturalist-open-data.s3.amazonaws.com/photos/570505009/large.jpg,https://www.inaturalist.org/observations/315790546,CC BY-NC 4.0,"(c) garuda-747, some rights reserved (CC BY-NC)",coffee_plant_unverified (check: leaf visible? healthy or not?),iNaturalist,data_raw/wild/inat/inat_570505009.jpg,inat_570505009,"GF55+2WM, Tri Eka Buana, Sidemen, Karangasem Regency, Bali 80864, Indonesia",Coffea arabica,2025-09-22
https://inaturalist-open-data.s3.amazonaws.com/photos/472832853/large.jpg,https://www.inaturalist.org/observations/263220214,CC BY-NC 4.0,"(c) Xuzhán Velasco, some rights reserved (CC BY-NC)",coffee_plant_unverified (check: leaf visible? healthy or not?),iNaturalist,data_raw/wild/inat/inat_472832853.jpg,inat_472832853,"Parque Nacional Cañón del Río Blanco, Ixtaczoquitlán, Ver., MX",Coffea arabica,2025-02-26
https://inaturalist-open-data.s3.amazonaws.com/photos/110617264/large.jpg,https://www.inaturalist.org/observations/68332497,CC BY 4.0,"(c) Carlos Domínguez-Rodríguez, some rights reserved (CC BY)",coffee_plant_unverified (check: leaf visible? healthy or not?),iNaturalist,data_raw/wild/inat/inat_110617264.jpg,inat_110617264,"Santa María Huatulco, Oax., México",Coffea arabica,2021-01-14
https://inaturalist-open-data.s3.amazonaws.com/photos/585986406/large.jpg,https://www.inaturalist.org/observations/323815466,CC BY-NC 4.0,"(c) liviagfsv, some rights reserved (CC BY-NC)",coffee_plant_unverified (check: leaf visible? healthy or not?),iNaturalist,data_raw/wild/inat/inat_585986406.jpg,inat_585986406,"Rua Idelbrando de Souza, Rio Branco, AC, BR",Coffea arabica,2025-10-29
https://inaturalist-open-data.s3.amazonaws.com/photos/487185240/large.jpeg,https://www.inaturalist.org/observations/270871271,CC BY-NC 4.0,"(c) Ismael Sánchez, some rights reserved (CC BY-NC)",coffee_plant_unverified (check: leaf visible? healthy or not?),iNaturalist,data_raw/wild/inat/inat_487185240.jpg,inat_487185240,"La Mesa, Cundinamarca, Colombia",Coffea arabica,2025-04-16
https://inaturalist-open-data.s3.amazonaws.com/photos/119275682/large.jpg,https://www.inaturalist.org/observations/73086282,CC BY-NC 4.0,"(c) thatplantguy, some rights reserved (CC BY-NC)",coffee_plant_unverified (check: leaf visible? healthy or not?),iNaturalist,data_raw/wild/inat/inat_119275682.jpg,inat_119275682,"Oʻahu, Honolulu, HI, US",Coffea arabica,2021-04-03
https://inaturalist-open-data.s3.amazonaws.com/photos/584857594/large.jpg,https://www.inaturalist.org/observations/323228944,CC BY-NC 4.0,"(c) ellen_brilhante, some rights reserved (CC BY-NC)",coffee_plant_unverified (check: leaf visible? healthy or not?),iNaturalist,data_raw/wild/inat/inat_584857594.jpg,inat_584857594,"Cascata do Imbuí, Petrópolis - RJ, Brasil",Coffea arabica,2025-10-26
https://inaturalist-open-data.s3.amazonaws.com/photos/709457813/large.jpg,https://www.inaturalist.org/observations/387432798,CC BY-NC 4.0,"(c) Jeygan Sanganithy, some rights reserved (CC BY-NC)",coffee_plant_unverified (check: leaf visible? healthy or not?),iNaturalist,data_raw/wild/inat/inat_709457813.jpg,inat_709457813,"Dularcha National Park, Landsborough, QLD, AU",Coffea arabica,2026-08-01
https://inaturalist-open-data.s3.amazonaws.com/photos/176506162/large.jpg,https://www.inaturalist.org/observations/105226792,CC BY-NC 4.0,"(c) Bodo Nuñez Oberg, some rights reserved (CC BY-NC)",coffee_plant_unverified (check: leaf visible? healthy or not?),iNaturalist,data_raw/wild/inat/inat_176506162.jpg,inat_176506162,"Pluma Hidalgo, Oax., México",Coffea arabica,2022-01-16
https://inaturalist-open-data.s3.amazonaws.com/photos/108265623/large.jpeg,https://www.inaturalist.org/observations/67067635,CC0 1.0,no rights reserved,coffee_plant_unverified (check: leaf visible? healthy or not?),iNaturalist,data_raw/wild/inat/inat_108265623.jpg,inat_108265623,"Honaunau-Napoopoo, HI 96704, USA",Coffea arabica,2020-12-25
https://inaturalist-open-data.s3.amazonaws.com/photos/311408784/large.jpeg,https://www.inaturalist.org/observations/178914170,CC BY-NC 4.0,"(c) Stephen Csurhes, some rights reserved (CC BY-NC)",coffee_plant_unverified (check: leaf visible? healthy or not?),iNaturalist,data_raw/wild/inat/inat_311408784.jpg,inat_311408784,"Toowong, AU-QL, AU",Coffea arabica,2023-08-18
https://inaturalist-open-data.s3.amazonaws.com/photos/447768348/large.jpeg,https://www.inaturalist.org/observations/250373897,CC BY-NC 4.0,"(c) Martin Reith, some rights reserved (CC BY-NC)",coffee_plant_unverified (check: leaf visible? healthy or not?),iNaturalist,data_raw/wild/inat/inat_447768348.jpg,inat_447768348,"Altamira, DO-PP, DO",Coffea arabica,2024-11-03
https://inaturalist-open-data.s3.amazonaws.com/photos/333559821/large.jpeg,https://www.inaturalist.org/observations/190297051,CC BY-NC 4.0,"(c) bibhasdn, some rights reserved (CC BY-NC)",coffee_plant_unverified (check: leaf visible? healthy or not?),iNaturalist,data_raw/wild/inat/inat_333559821.jpg,inat_333559821,"J84W+F4C, Mookuthikunnu, Sultan Bathery, Kerala 673595, India",Coffea arabica,2023-11-07
https://inaturalist-open-data.s3.amazonaws.com/photos/541353500/large.jpg,https://www.inaturalist.org/observations/300449938,CC BY-NC 4.0,"(c) dianabello, some rights reserved (CC BY-NC)",coffee_plant_unverified (check: leaf visible? healthy or not?),iNaturalist,data_raw/wild/inat/inat_541353500.jpg,inat_541353500,"Araure, Portuguesa, VE",Coffea arabica,2025-07-23
https://inaturalist-open-data.s3.amazonaws.com/photos/18242460/large.jpg,https://www.inaturalist.org/observations/12615532,CC BY-SA 4.0,"(c) alessandradalia, some rights reserved (CC BY-SA)",coffee_plant_unverified (check: leaf visible? healthy or not?),iNaturalist,data_raw/wild/inat/inat_18242460.jpg,inat_18242460,"Guarapiranga, São Paulo - SP, Brasil",Coffea arabica,2018-05-19
https://inaturalist-open-data.s3.amazonaws.com/photos/304568766/large.jpg,https://www.inaturalist.org/observations/175263211,CC BY-NC 4.0,"(c) bailaashe, some rights reserved (CC BY-NC)",coffee_plant_unverified (check: leaf visible? healthy or not?),iNaturalist,data_raw/wild/inat/inat_304568766.jpg,inat_304568766,"Puntarenas, CR",Coffea arabica,2023-07-27
https://inaturalist-open-data.s3.amazonaws.com/photos/644593335/large.jpg,https://www.inaturalist.org/observations/353252755,CC BY-NC 4.0,"(c) Nicola Newbery, some rights reserved (CC BY-NC)",coffee_plant_unverified (check: leaf visible? healthy or not?),iNaturalist,data_raw/wild/inat/inat_644593335.jpg,inat_644593335,"Hoi Ha Nature Trail, Sai Kung, New Territories, HK",Coffea arabica,2026-04-25
https://inaturalist-open-data.s3.amazonaws.com/photos/425440246/large.jpeg,https://www.inaturalist.org/observations/238924247,CC BY 4.0,"(c) Günter Pisch, some rights reserved (CC BY)",coffee_plant_unverified (check: leaf visible? healthy or not?),iNaturalist,data_raw/wild/inat/inat_425440246.jpg,inat_425440246,"XW6P+QRX Parque Guanayara,, Unnamed Road, El Saltico, Kuba",Coffea arabica,2024-08-11
https://inaturalist-open-data.s3.amazonaws.com/photos/649351091/large.jpg,https://www.inaturalist.org/observations/356080570,CC BY-NC 4.0,"(c) avisdentus, some rights reserved (CC BY-NC)",coffee_plant_unverified (check: leaf visible? healthy or not?),iNaturalist,data_raw/wild/inat/inat_649351091.jpg,inat_649351091,UnB,Coffea arabica,2025-07-11
https://inaturalist-open-data.s3.amazonaws.com/photos/627999522/large.jpg,https://www.inaturalist.org/observations/344650870,CC BY-NC 4.0,"(c) David McCorquodale, some rights reserved (CC BY-NC)",coffee_plant_unverified (check: leaf visible? healthy or not?),iNaturalist,data_raw/wild/inat/inat_627999522.jpg,inat_627999522,"Ban Luang, Chom Thong District, Chiang Mai, Thailand",Coffea arabica,2026-01-23
https://inaturalist-open-data.s3.amazonaws.com/photos/459828044/large.jpeg,https://www.inaturalist.org/observations/256460650,CC BY-NC 4.0,"(c) Jeff Garner, some rights reserved (CC BY-NC)",coffee_plant_unverified (check: leaf visible? healthy or not?),iNaturalist,data_raw/wild/inat/inat_459828044.jpg,inat_459828044,"Parque Nacional Isabel de Torres, Puerto Plata, Dominican Republic",Coffea arabica,2024-09-09
https://inaturalist-open-data.s3.amazonaws.com/photos/260464454/large.jpeg,https://www.inaturalist.org/observations/150996305,CC BY-NC 4.0,"(c) blasuribe, some rights reserved (CC BY-NC)",coffee_plant_unverified (check: leaf visible? healthy or not?),iNaturalist,data_raw/wild/inat/inat_260464454.jpg,inat_260464454,"Hacienda Matepantano, Universidad de La Salle, Utopía, Sede, Vía Manantiales, Vía Matepantano #Km 12, Yopal, El Milagro, Yopal, Casanare, Colombia",Coffea arabica,2023-03-10
https://inaturalist-open-data.s3.amazonaws.com/photos/263142760/large.jpeg,https://www.inaturalist.org/observations/152431035,CC BY-NC 4.0,"(c) bobol21000, some rights reserved (CC BY-NC)",coffee_plant_unverified (check: leaf visible? healthy or not?),iNaturalist,data_raw/wild/inat/inat_263142760.jpg,inat_263142760,Los Naranjos,Coffea arabica,2023-03-26
https://inaturalist-open-data.s3.amazonaws.com/photos/195913755/large.jpg,https://www.inaturalist.org/observations/116102817,CC BY-NC 4.0,"(c) malagosgardenresortdavao, some rights reserved (CC BY-NC)",coffee_plant_unverified (check: leaf visible? healthy or not?),iNaturalist,data_raw/wild/inat/inat_195913755.jpg,inat_195913755,"Baguio District, Calinan-Baguio-Cadalian Rd, Davao City, 8000 Davao del Sur, Philippines",Coffea arabica,2022-05-02
https://inaturalist-open-data.s3.amazonaws.com/photos/716573449/large.jpg,https://www.inaturalist.org/observations/391088918,CC BY-NC 4.0,"(c) Boris Mittermeier, some rights reserved (CC BY-NC)",coffee_plant_unverified (check: leaf visible? healthy or not?),iNaturalist,data_raw/wild/inat/inat_716573449.jpg,inat_716573449,"Sulawesi, Toraja Utara, Süd-Sulawesi, ID",Coffea arabica,2026-08-14
https://inaturalist-open-data.s3.amazonaws.com/photos/108826404/large.jpeg,https://www.inaturalist.org/observations/67367121,CC BY-NC 4.0,"(c) José Humberto Castañón González, some rights reserved (CC BY-NC)",coffee_plant_unverified (check: leaf visible? healthy or not?),iNaturalist,data_raw/wild/inat/inat_108826404.jpg,inat_108826404,"Berriozábal, Chis., México",Coffea arabica,2020-12-30
https://inaturalist-open-data.s3.amazonaws.com/photos/398282044/large.jpg,https://www.inaturalist.org/observations/224700713,CC BY-NC 4.0,"(c) titidani23, some rights reserved (CC BY-NC)",coffee_plant_unverified (check: leaf visible? healthy or not?),iNaturalist,data_raw/wild/inat/inat_398282044.jpg,inat_398282044,"Calle Corinto, Grecia, Alajuela, CR",Coffea arabica,2024-05-26
https://inaturalist-open-data.s3.amazonaws.com/photos/158136732/large.jpeg,https://www.inaturalist.org/observations/95267428,CC BY-NC 4.0,"(c) ccputz, some rights reserved (CC BY-NC)",coffee_plant_unverified (check: leaf visible? healthy or not?),iNaturalist,data_raw/wild/inat/inat_158136732.jpg,inat_158136732,"San Cristóbal, EC-GA, EC",Coffea arabica,2021-09-14
https://inaturalist-open-data.s3.amazonaws.com/photos/262151859/large.jpg,https://www.inaturalist.org/observations/151893545,CC BY-NC 4.0,"(c) lanlin_lollipop, some rights reserved (CC BY-NC)",coffee_plant_unverified (check: leaf visible? healthy or not?),iNaturalist,data_raw/wild/inat/inat_262151859.jpg,inat_262151859,"อุทยานแห่งชาติดอยสุเทพ-ปุย, อำเภอเมืองเชียงใหม่, จ.เชียงใหม่, TH",Coffea arabica,2023-03-22
https://inaturalist-open-data.s3.amazonaws.com/photos/302438146/large.jpeg,https://www.inaturalist.org/observations/174108594,CC BY-NC 4.0,"(c) aglez1293, some rights reserved (CC BY-NC)",coffee_plant_unverified (check: leaf visible? healthy or not?),iNaturalist,data_raw/wild/inat/inat_302438146.jpg,inat_302438146,Río Grande,Coffea arabica,2023-07-21
https://inaturalist-open-data.s3.amazonaws.com/photos/495844858/large.jpeg,https://www.inaturalist.org/observations/276055259,CC BY-NC 4.0,"(c) santiago_camacho_ramirez, some rights reserved (CC BY-NC)",coffee_plant_unverified (check: leaf visible? healthy or not?),iNaturalist,data_raw/wild/inat/inat_495844858.jpg,inat_495844858,"JR7F+FQR, Cochabamba, Bolivia",Coffea arabica,2025-04-27
https://inaturalist-open-data.s3.amazonaws.com/photos/701550871/large.jpg,https://www.inaturalist.org/observations/383309757,CC BY-NC 4.0,"(c) Alejandro Pineda, some rights reserved (CC BY-NC)",coffee_plant_unverified (check: leaf visible? healthy or not?),iNaturalist,data_raw/wild/inat/inat_701550871.jpg,inat_701550871,"XC3J+76P, Santa Ana, El Salvador",Coffea arabica,2026-07-20
https://inaturalist-open-data.s3.amazonaws.com/photos/306915300/large.jpg,https://www.inaturalist.org/observations/176529055,CC BY-NC 4.0,"(c) patita23, some rights reserved (CC BY-NC)",coffee_plant_unverified (check: leaf visible? healthy or not?),iNaturalist,data_raw/wild/inat/inat_306915300.jpg,inat_306915300,"Hawaiʻi, Kalaoa, HI, US",Coffea arabica,2023-08-01
https://inaturalist-open-data.s3.amazonaws.com/photos/38999627/large.jpeg,https://www.inaturalist.org/observations/25194306,CC BY-NC 4.0,"(c) Jorge Vallester, some rights reserved (CC BY-NC)",coffee_plant_unverified (check: leaf visible? healthy or not?),iNaturalist,data_raw/wild/inat/inat_38999627.jpg,inat_38999627,Panamá,Coffea arabica,2019-05-05
https://inaturalist-open-data.s3.amazonaws.com/photos/60405961/large.jpg,https://www.inaturalist.org/observations/38043845,CC BY-NC 4.0,"(c) J. Fernando Pío León, some rights reserved (CC BY-NC)",coffee_plant_unverified (check: leaf visible? healthy or not?),iNaturalist,data_raw/wild/inat/inat_60405961.jpg,inat_60405961,"Compostela, Nayarit, Mexico",Coffea arabica,2020-01-24
https://inaturalist-open-data.s3.amazonaws.com/photos/636439323/large.jpg,https://www.inaturalist.org/observations/348923827,CC BY-NC 4.0,"(c) flemblem, some rights reserved (CC BY-NC)",coffee_plant_unverified (check: leaf visible? healthy or not?),iNaturalist,data_raw/wild/inat/inat_636439323.jpg,inat_636439323,"Lumajang, East Java, ID",Coffea arabica,2026-04-09
https://inaturalist-open-data.s3.amazonaws.com/photos/647006484/large.jpg,https://www.inaturalist.org/observations/354692569,CC BY-NC 4.0,"(c) granzotto, some rights reserved (CC BY-NC)",coffee_plant_unverified (check: leaf visible? healthy or not?),iNaturalist,data_raw/wild/inat/inat_647006484.jpg,inat_647006484,"Rua Tancredo do Amaral, 2 - Vila Alzira, Santo André - SP, 09015-410, Brasil",Coffea arabica,2026-04-26
https://inaturalist-open-data.s3.amazonaws.com/photos/45481265/large.jpg,https://www.inaturalist.org/observations/29149699,CC BY-NC 4.0,"(c) thaish, some rights reserved (CC BY-NC)",coffee_plant_unverified (check: leaf visible? healthy or not?),iNaturalist,data_raw/wild/inat/inat_45481265.jpg,inat_45481265,"Bonao, Bonao, Monsenor Novel, DO",Coffea arabica,2019-07-19
https://inaturalist-open-data.s3.amazonaws.com/photos/729291082/large.jpg,https://www.inaturalist.org/observations/397613716,CC BY 4.0,"(c) Jeffrey Lee (he/him/his), some rights reserved (CC BY)",coffee_plant_unverified (check: leaf visible? healthy or not?),iNaturalist,data_raw/wild/inat/inat_729291082.jpg,inat_729291082,"Lahaina, HI 96761, USA",Coffea arabica,2026-09-04
https://inaturalist-open-data.s3.amazonaws.com/photos/436321387/large.jpeg,https://www.inaturalist.org/observations/244595099,CC BY-NC 4.0,"(c) slk90, some rights reserved (CC BY-NC)",coffee_plant_unverified (check: leaf visible? healthy or not?),iNaturalist,data_raw/wild/inat/inat_436321387.jpg,inat_436321387,,Coffea arabica,2023-02-08
https://inaturalist-open-data.s3.amazonaws.com/photos/453866507/large.jpeg,https://www.inaturalist.org/observations/253475637,CC BY-NC 4.0,"(c) pattabi, some rights reserved (CC BY-NC)",coffee_plant_unverified (check: leaf visible? healthy or not?),iNaturalist,data_raw/wild/inat/inat_453866507.jpg,inat_453866507,"Rajmalai National Park, Palakkad, Kerala, IN",Coffea arabica,2024-11-26
https://inaturalist-open-data.s3.amazonaws.com/photos/209447568/large.jpeg,https://www.inaturalist.org/observations/123626699,CC BY-NC 4.0,"(c) isaac newell, some rights reserved (CC BY-NC)",coffee_plant_unverified (check: leaf visible? healthy or not?),iNaturalist,data_raw/wild/inat/inat_209447568.jpg,inat_209447568,Naalehu,Coffea arabica,2022-06-26
https://inaturalist-open-data.s3.amazonaws.com/photos/627796201/large.jpg,https://www.inaturalist.org/observations/344546735,CC BY-NC 4.0,"(c) Julien Carley-Windeler, some rights reserved (CC BY-NC)",coffee_plant_unverified (check: leaf visible? healthy or not?),iNaturalist,data_raw/wild/inat/inat_627796201.jpg,inat_627796201,"Round Top Dr, Honolulu, HI, US",Coffea arabica,2026-03-22
https://inaturalist-open-data.s3.amazonaws.com/photos/136971918/large.jpeg,https://www.inaturalist.org/observations/83401930,CC BY-NC 4.0,"(c) brianaaguilar, some rights reserved (CC BY-NC)",coffee_plant_unverified (check: leaf visible? healthy or not?),iNaturalist,data_raw/wild/inat/inat_136971918.jpg,inat_136971918,Huertas,Coffea arabica,2021-06-17
https://inaturalist-open-data.s3.amazonaws.com/photos/452471116/large.jpeg,https://www.inaturalist.org/observations/252736835,CC BY-NC 4.0,"(c) yulianis Rodriguez, some rights reserved (CC BY-NC)",coffee_plant_unverified (check: leaf visible? healthy or not?),iNaturalist,data_raw/wild/inat/inat_452471116.jpg,inat_452471116,"GW6C+7P2, Santa Fé, Provincia de Veraguas, Panamá",Coffea arabica,2024-11-23
https://inaturalist-open-data.s3.amazonaws.com/photos/492720486/large.jpg,https://www.inaturalist.org/observations/274034484,CC BY-NC 4.0,"(c) Isabella Ferreira, some rights reserved (CC BY-NC)",coffee_plant_unverified (check: leaf visible? healthy or not?),iNaturalist,data_raw/wild/inat/inat_492720486.jpg,inat_492720486,"Rua Dom Mateus de Abreu Pereira, São Paulo, SP, BR",Coffea arabica,2025-04-26
https://inaturalist-open-data.s3.amazonaws.com/photos/176547318/large.jpeg,https://www.inaturalist.org/observations/105247318,CC BY 4.0,"(c) Daniel Mesa, some rights reserved (CC BY)",coffee_plant_unverified (check: leaf visible? healthy or not?),iNaturalist,data_raw/wild/inat/inat_176547318.jpg,inat_176547318,"Jardín, Antioquia, Colombia",Coffea arabica,2022-01-19
https://inaturalist-open-data.s3.amazonaws.com/photos/219134624/large.jpg,https://www.inaturalist.org/observations/128979870,CC BY-NC 4.0,"(c) mitzibo, some rights reserved (CC BY-NC)",coffee_plant_unverified (check: leaf visible? healthy or not?),iNaturalist,data_raw/wild/inat/inat_219134624.jpg,inat_219134624,"Luzon, Lucban, Quezon, PH",Coffea arabica,2022-08-01
https://inaturalist-open-data.s3.amazonaws.com/photos/504544678/large.jpg,https://www.inaturalist.org/observations/280895514,CC BY-NC 4.0,"(c) haleysluyter, some rights reserved (CC BY-NC)",coffee_plant_unverified (check: leaf visible? healthy or not?),iNaturalist,data_raw/wild/inat/inat_504544678.jpg,inat_504544678,"Rabinal, Baja Verapaz, GT",Coffea arabica,2025-05-13
https://inaturalist-open-data.s3.amazonaws.com/photos/228643006/large.jpg,https://www.inaturalist.org/observations/134163578,CC BY-SA 4.0,"(c) Gannu03, some rights reserved (CC BY-SA)",coffee_plant_unverified (check: leaf visible? healthy or not?),iNaturalist,data_raw/wild/inat/inat_228643006.jpg,inat_228643006,"Idukki, Kerala, India",Coffea arabica,2022-09-07
https://inaturalist-open-data.s3.amazonaws.com/photos/494146362/large.jpeg,https://www.inaturalist.org/observations/274935391,CC BY-NC 4.0,"(c) Dhandara Manini, some rights reserved (CC BY-NC)",coffee_plant_unverified (check: leaf visible? healthy or not?),iNaturalist,data_raw/wild/inat/inat_494146362.jpg,inat_494146362,"Vale da Boa Esperança, Pinhais - PR, Brasil",Coffea arabica,2025-04-27
https://inaturalist-open-data.s3.amazonaws.com/photos/97897643/large.jpeg,https://www.inaturalist.org/observations/61195034,CC BY-NC 4.0,"(c) Mark O'Brien, some rights reserved (CC BY-NC)",coffee_plant_unverified (check: leaf visible? healthy or not?),iNaturalist,data_raw/wild/inat/inat_97897643.jpg,inat_97897643,"Nadroga-Navosa, Fiji",Coffea arabica,2020-09-20
https://inaturalist-open-data.s3.amazonaws.com/photos/485590680/large.jpeg,https://www.inaturalist.org/observations/270037585,CC BY-NC 4.0,"(c) Yeliz, some rights reserved (CC BY-NC)",coffee_plant_unverified (check: leaf visible? healthy or not?),iNaturalist,data_raw/wild/inat/inat_485590680.jpg,inat_485590680,"Capetillo, San Juan, Puerto Rico",Coffea arabica,2025-04-12
https://inaturalist-open-data.s3.amazonaws.com/photos/202658775/large.jpg,https://www.inaturalist.org/observations/119855640,CC BY-NC 4.0,"(c) iisabellapontes, some rights reserved (CC BY-NC)",coffee_plant_unverified (check: leaf visible? healthy or not?),iNaturalist,data_raw/wild/inat/inat_202658775.jpg,inat_202658775,"Bosque Maia, Guarulhos, SP, BR",Coffea arabica,2022-05-18
https://inaturalist-open-data.s3.amazonaws.com/photos/39900181/large.jpg,https://www.inaturalist.org/observations/25739294,CC BY-NC 4.0,"(c) travelmike, some rights reserved (CC BY-NC)",coffee_plant_unverified (check: leaf visible? healthy or not?),iNaturalist,data_raw/wild/inat/inat_39900181.jpg,inat_39900181,"Tijuca National Park, Rio de Janeiro, RJ, BR",Coffea arabica,2019-05-25
https://inaturalist-open-data.s3.amazonaws.com/photos/304035300/large.jpeg,https://www.inaturalist.org/observations/174970147,CC BY-NC 4.0,"(c) Luz, some rights reserved (CC BY-NC)",coffee_plant_unverified (check: leaf visible? healthy or not?),iNaturalist,data_raw/wild/inat/inat_304035300.jpg,inat_304035300,"Oxapampa, PE-PA, PE",Coffea arabica,2023-07-25
https://inaturalist-open-data.s3.amazonaws.com/photos/193962387/large.jpeg,https://www.inaturalist.org/observations/114896054,CC BY-NC 4.0,"(c) lorenamdz13, some rights reserved (CC BY-NC)",coffee_plant_unverified (check: leaf visible? healthy or not?),iNaturalist,data_raw/wild/inat/inat_193962387.jpg,inat_193962387,"94030 Tenampa, Ver., México",Coffea arabica,2021-09-04
https://inaturalist-open-data.s3.amazonaws.com/photos/636349227/large.jpg,https://www.inaturalist.org/observations/348878312,CC BY-NC 4.0,"(c) lisalovel, some rights reserved (CC BY-NC)",coffee_plant_unverified (check: leaf visible? healthy or not?),iNaturalist,data_raw/wild/inat/inat_636349227.jpg,inat_636349227,"Jalan ITB 2, Sumedang Utara, West Java, ID",Coffea arabica,2026-04-11
https://inaturalist-open-data.s3.amazonaws.com/photos/367577315/large.jpg,https://www.inaturalist.org/observations/207787226,CC BY-NC 4.0,"(c) Joe Zito, some rights reserved (CC BY-NC)",coffee_plant_unverified (check: leaf visible? healthy or not?),iNaturalist,data_raw/wild/inat/inat_367577315.jpg,inat_367577315,"Île Sainte-Marie, Toamasina, MG",Coffea arabica,2024-04-17
https://inaturalist-open-data.s3.amazonaws.com/photos/701682276/large.jpg,https://www.inaturalist.org/observations/383378682,CC BY-NC 4.0,"(c) dsgruner, some rights reserved (CC BY-NC)",coffee_plant_unverified (check: leaf visible? healthy or not?),iNaturalist,data_raw/wild/inat/inat_701682276.jpg,inat_701682276,Makawao,Coffea arabica,2026-07-20
https://inaturalist-open-data.s3.amazonaws.com/photos/180284888/large.jpeg,https://www.inaturalist.org/observations/107218588,CC BY-NC 4.0,"(c) Janella Calderón, some rights reserved (CC BY-NC)",coffee_plant_unverified (check: leaf visible? healthy or not?),iNaturalist,data_raw/wild/inat/inat_180284888.jpg,inat_180284888,"RH27+9F9, Quito 170902, Ecuador",Coffea arabica,2022-02-21
https://inaturalist-open-data.s3.amazonaws.com/photos/715066716/large.jpg,https://www.inaturalist.org/observations/390318889,CC BY-NC 4.0,"(c) Damiano, some rights reserved (CC BY-NC)",coffee_plant_unverified (check: leaf visible? healthy or not?),iNaturalist,data_raw/wild/inat/inat_715066716.jpg,inat_715066716,"XC9V+23M, Lam Vien - Da Lat, Lam Dong, 베트남",Coffea arabica,2026-01-04
https://inaturalist-open-data.s3.amazonaws.com/photos/324960424/large.jpg,https://www.inaturalist.org/observations/186003112,CC BY-NC 4.0,"(c) zlatko_b, some rights reserved (CC BY-NC)",coffee_plant_unverified (check: leaf visible? healthy or not?),iNaturalist,data_raw/wild/inat/inat_324960424.jpg,inat_324960424,"Sumatra, Kabupaten Kerinci, Jambi, ID",Coffea arabica,2023-09-18
https://inaturalist-open-data.s3.amazonaws.com/photos/556677799/large.jpg,https://www.inaturalist.org/observations/308552818,CC BY-NC 4.0,"(c) tef13, some rights reserved (CC BY-NC)",coffee_plant_unverified (check: leaf visible? healthy or not?),iNaturalist,data_raw/wild/inat/inat_556677799.jpg,inat_556677799,"Santa Cruz, EC-GA, EC",Coffea arabica,2025-08-23
https://inaturalist-open-data.s3.amazonaws.com/photos/69381483/large.jpeg,https://www.inaturalist.org/observations/43743542,CC BY-NC 4.0,"(c) Sophia, some rights reserved (CC BY-NC)",coffee_plant_unverified (check: leaf visible? healthy or not?),iNaturalist,data_raw/wild/inat/inat_69381483.jpg,inat_69381483,Cochabamba,Coffea arabica,2020-04-25
https://thumb.wikimedia.org/wikipedia/commons/thumb/8/87/Caf%C3%A9ier_charg%C3%A9_de_fruits_malgr%C3%A9_l%27Hemileia_ou_rouille_-_btv1b10103105k.jpg/1280px-Caf%C3%A9ier_charg%C3%A9_de_fruits_malgr%C3%A9_l%27Hemileia_ou_rouille_-_btv1b10103105k.jpg?utm_source=commons.wikimedia.org&utm_campaign=imageinfo&utm_content=thumbnail,https://commons.wikimedia.org/wiki/File:Caf%C3%A9ier_charg%C3%A9_de_fruits_malgr%C3%A9_l%27Hemileia_ou_rouille_-_btv1b10103105k.jpg,Public domain,,rust,Wikimedia Commons,data_raw/wild/commons/wc_File_Caf_ier_charg_de_fruits_malgr_l_Hemileia_ou_rouille_btv.jpg,wc_File_Caf_ier_charg_de_fruits_malgr_l_Hemileia_ou_rouille_btv,,,"1909<div style=""display: none;"">date QS:P571,+1909-00-00T00:00:00Z/9</div>"
https://thumb.wikimedia.org/wikipedia/commons/thumb/c/ce/Caranavi_coffe3_lo_%284386261839%29.jpg/1280px-Caranavi_coffe3_lo_%284386261839%29.jpg?utm_source=commons.wikimedia.org&utm_campaign=imageinfo&utm_content=thumbnail,https://commons.wikimedia.org/wiki/File:Caranavi_coffe3_lo_(4386261839).jpg,CC BY-SA 2.0,CIAT,rust,Wikimedia Commons,data_raw/wild/commons/wc_File_Caranavi_coffe3_lo_4386261839_jpg.jpg,wc_File_Caranavi_coffe3_lo_4386261839_jpg,,,2010-02-23 09:51
https://upload.wikimedia.org/wikipedia/commons/9/94/Coffee-leaf-rust-defoliation.jpg?utm_source=commons.wikimedia.org&utm_campaign=imageinfo&utm_content=thumbnail_unscaled,https://commons.wikimedia.org/wiki/File:Coffee-leaf-rust-defoliation.jpg,CC BY-SA 4.0,Michael.C.Wright,rust,Wikimedia Commons,data_raw/wild/commons/wc_File_Coffee_leaf_rust_defoliation_jpg.jpg,wc_File_Coffee_leaf_rust_defoliation_jpg,,,2015-07-27
https://thumb.wikimedia.org/wikipedia/commons/thumb/2/23/Coffee_leaves_with_rust_at_Fairview_Estate%2C_Kiambu%2C_KE.jpg/1280px-Coffee_leaves_with_rust_at_Fairview_Estate%2C_Kiambu%2C_KE.jpg?utm_source=commons.wikimedia.org&utm_campaign=imageinfo&utm_content=thumbnail,"https://commons.wikimedia.org/wiki/File:Coffee_leaves_with_rust_at_Fairview_Estate,_Kiambu,_KE.jpg",CC BY-SA 4.0,Daniel Case,rust,Wikimedia Commons,data_raw/wild/commons/wc_File_Coffee_leaves_with_rust_at_Fairview_Estate_Kiambu_KE_jp.jpg,wc_File_Coffee_leaves_with_rust_at_Fairview_Estate_Kiambu_KE_jp,,,2025-08-10
https://upload.wikimedia.org/wikipedia/commons/3/39/EB1911_Coffee_Fig._2.%E2%80%94Coffee-leaf_Disease%2C_Hemileia_vastatrix.jpg?utm_source=commons.wikimedia.org&utm_campaign=imageinfo&utm_content=thumbnail_unscaled,"https://commons.wikimedia.org/wiki/File:EB1911_Coffee_Fig._2.%E2%80%94Coffee-leaf_Disease,_Hemileia_vastatrix.jpg",Public domain,AnonymousUnknown author,rust,Wikimedia Commons,data_raw/wild/commons/wc_File_EB1911_Coffee_Fig_2_Coffee_leaf_Disease_Hemileia_vastat.jpg,wc_File_EB1911_Coffee_Fig_2_Coffee_leaf_Disease_Hemileia_vastat,,,1911-01-01
https://thumb.wikimedia.org/wikipedia/commons/thumb/b/bd/Hemileia_vastatrix.jpg/1280px-Hemileia_vastatrix.jpg?utm_source=commons.wikimedia.org&utm_campaign=imageinfo&utm_content=thumbnail,https://commons.wikimedia.org/wiki/File:Hemileia_vastatrix.jpg,CC BY 3.0 us,Howard F. Schwartz,rust,Wikimedia Commons,data_raw/wild/commons/wc_File_Hemileia_vastatrix_jpg.jpg,wc_File_Hemileia_vastatrix_jpg,,,2008-06-14
https://thumb.wikimedia.org/wikipedia/commons/thumb/3/3e/Hemileia_vastatrix_-_coffee_leaf_rust.jpg/1280px-Hemileia_vastatrix_-_coffee_leaf_rust.jpg?utm_source=commons.wikimedia.org&utm_campaign=imageinfo&utm_content=thumbnail,https://commons.wikimedia.org/wiki/File:Hemileia_vastatrix_-_coffee_leaf_rust.jpg,CC BY-SA 3.0,Smartse,rust,Wikimedia Commons,data_raw/wild/commons/wc_File_Hemileia_vastatrix_coffee_leaf_rust_jpg.jpg,wc_File_Hemileia_vastatrix_coffee_leaf_rust_jpg,,,2011-07-15
https://thumb.wikimedia.org/wikipedia/commons/thumb/f/f2/Rust_Coffee_Leaf_Inakanahalli_Coorg_Jun24_A7CR_01475.jpg/1280px-Rust_Coffee_Leaf_Inakanahalli_Coorg_Jun24_A7CR_01475.jpg?utm_source=commons.wikimedia.org&utm_campaign=imageinfo&utm_content=thumbnail,https://commons.wikimedia.org/wiki/File:Rust_Coffee_Leaf_Inakanahalli_Coorg_Jun24_A7CR_01475.jpg,CC BY-SA 4.0,"This Photo was taken by Timothy A. Gonsalves.  Feel free to use my photos, but please mention me as the author.  I would much appreciate if you send me an email tagooty@yahoo.com or write on my talk page, for my information.  Please contact me before commercial use.



Please do not upload an edited image here without consulting me.  I would like to make corrections only at my own source to ensure that the changes improve the image and are preserved.Otherwise you may upload an edited image with a new name. Please use one of the templates derivative or extract.",rust,Wikimedia Commons,data_raw/wild/commons/wc_File_Rust_Coffee_Leaf_Inakanahalli_Coorg_Jun24_A7CR_01475_jp.jpg,wc_File_Rust_Coffee_Leaf_Inakanahalli_Coorg_Jun24_A7CR_01475_jp,,,2024-06-21 07:37:29
https://thumb.wikimedia.org/wikipedia/commons/thumb/5/5c/NP_2DU_colombia_29_lo_%285244267031%29.jpg/1280px-NP_2DU_colombia_29_lo_%285244267031%29.jpg?utm_source=commons.wikimedia.org&utm_campaign=imageinfo&utm_content=thumbnail,https://commons.wikimedia.org/wiki/File:NP_2DU_colombia_29_lo_(5244267031).jpg,CC BY-SA 2.0,CIAT,rust,Wikimedia Commons,data_raw/wild/commons/wc_File_NP_2DU_colombia_29_lo_5244267031_jpg.jpg,wc_File_NP_2DU_colombia_29_lo_5244267031_jpg,,,2010-09-23 14:50
https://thumb.wikimedia.org/wikipedia/commons/thumb/2/24/NP_2DU_colombia_28_lo_%285244863900%29.jpg/1280px-NP_2DU_colombia_28_lo_%285244863900%29.jpg?utm_source=commons.wikimedia.org&utm_campaign=imageinfo&utm_content=thumbnail,https://commons.wikimedia.org/wiki/File:NP_2DU_colombia_28_lo_(5244863900).jpg,CC BY-SA 2.0,CIAT,rust,Wikimedia Commons,data_raw/wild/commons/wc_File_NP_2DU_colombia_28_lo_5244863900_jpg.jpg,wc_File_NP_2DU_colombia_28_lo_5244863900_jpg,,,2010-09-23 14:50
https://thumb.wikimedia.org/wikipedia/commons/thumb/3/3a/Arabian_Coffee_-_Coffea_arabica_%2840099194035%29.jpg/1280px-Arabian_Coffee_-_Coffea_arabica_%2840099194035%29.jpg?utm_source=commons.wikimedia.org&utm_campaign=imageinfo&utm_content=thumbnail,https://commons.wikimedia.org/wiki/File:Arabian_Coffee_-_Coffea_arabica_(40099194035).jpg,CC BY-SA 2.0,Björn S...,coffee_leaf_unverified,Wikimedia Commons,data_raw/wild/commons/wc_File_Arabian_Coffee_Coffea_arabica_40099194035_jpg.jpg,wc_File_Arabian_Coffee_Coffea_arabica_40099194035_jpg,,,2018-03-13 17:27
https://thumb.wikimedia.org/wikipedia/commons/thumb/3/37/Arabian_Coffee_-_Coffea_arabica_%2840282893234%29.jpg/1280px-Arabian_Coffee_-_Coffea_arabica_%2840282893234%29.jpg?utm_source=commons.wikimedia.org&utm_campaign=imageinfo&utm_content=thumbnail,https://commons.wikimedia.org/wiki/File:Arabian_Coffee_-_Coffea_arabica_(40282893234).jpg,CC BY-SA 2.0,Björn S...,coffee_leaf_unverified,Wikimedia Commons,data_raw/wild/commons/wc_File_Arabian_Coffee_Coffea_arabica_40282893234_jpg.jpg,wc_File_Arabian_Coffee_Coffea_arabica_40282893234_jpg,,,2018-03-13 17:27
https://thumb.wikimedia.org/wikipedia/commons/thumb/9/92/Coffea_arabica-fruit_and_leaves-Enchanting_Floral_Gardens_of_Kula-Maui.jpg/1280px-Coffea_arabica-fruit_and_leaves-Enchanting_Floral_Gardens_of_Kula-Maui.jpg?utm_source=commons.wikimedia.org&utm_campaign=imageinfo&utm_content=thumbnail,https://commons.wikimedia.org/wiki/File:Coffea_arabica-fruit_and_leaves-Enchanting_Floral_Gardens_of_Kula-Maui.jpg,CC BY 2.0,Forest and Kim Starr,coffee_leaf_unverified,Wikimedia Commons,data_raw/wild/commons/wc_File_Coffea_arabica_fruit_and_leaves_Enchanting_Floral_Garde.jpg,wc_File_Coffea_arabica_fruit_and_leaves_Enchanting_Floral_Garde,,,2012-01-20 10:14
https://thumb.wikimedia.org/wikipedia/commons/thumb/2/2f/Coffea_arabica_-_%D0%91%D0%BE%D1%82%D0%B0%D0%BD%D0%B8%D1%87%D0%BA%D0%B0_%D0%B3%D1%80%D0%B0%D0%B4%D0%B8%D0%BD%D0%B0_%D0%A1%D0%BA%D0%BE%D0%BF%D1%98%D0%B5_%283%29.jpg/1280px-Coffea_arabica_-_%D0%91%D0%BE%D1%82%D0%B0%D0%BD%D0%B8%D1%87%D0%BA%D0%B0_%D0%B3%D1%80%D0%B0%D0%B4%D0%B8%D0%BD%D0%B0_%D0%A1%D0%BA%D0%BE%D0%BF%D1%98%D0%B5_%283%29.jpg?utm_source=commons.wikimedia.org&utm_campaign=imageinfo&utm_content=thumbnail,https://commons.wikimedia.org/wiki/File:Coffea_arabica_-_%D0%91%D0%BE%D1%82%D0%B0%D0%BD%D0%B8%D1%87%D0%BA%D0%B0_%D0%B3%D1%80%D0%B0%D0%B4%D0%B8%D0%BD%D0%B0_%D0%A1%D0%BA%D0%BE%D0%BF%D1%98%D0%B5_(3).jpg,CC BY-SA 4.0,Dandarmkd,coffee_leaf_unverified,Wikimedia Commons,data_raw/wild/commons/wc_File_Coffea_arabica_3_jpg.jpg,wc_File_Coffea_arabica_3_jpg,,,2022-02-02 12:46:14
https://thumb.wikimedia.org/wikipedia/commons/thumb/f/f7/Coffea_arabica_0zz.jpg/1280px-Coffea_arabica_0zz.jpg?utm_source=commons.wikimedia.org&utm_campaign=imageinfo&utm_content=thumbnail,https://commons.wikimedia.org/wiki/File:Coffea_arabica_0zz.jpg,CC BY-SA 4.0,Photo by David J. Stang,coffee_leaf_unverified,Wikimedia Commons,data_raw/wild/commons/wc_File_Coffea_arabica_0zz_jpg.jpg,wc_File_Coffea_arabica_0zz_jpg,,,2007-02-13
https://thumb.wikimedia.org/wikipedia/commons/thumb/7/70/Coffea_arabica_1DS-II_4-5115.jpg/1280px-Coffea_arabica_1DS-II_4-5115.jpg?utm_source=commons.wikimedia.org&utm_campaign=imageinfo&utm_content=thumbnail,https://commons.wikimedia.org/wiki/File:Coffea_arabica_1DS-II_4-5115.jpg,CC BY-SA 4.0,SAplants,coffee_leaf_unverified,Wikimedia Commons,data_raw/wild/commons/wc_File_Coffea_arabica_1DS_II_4_5115_jpg.jpg,wc_File_Coffea_arabica_1DS_II_4_5115_jpg,,,2014-06-02
https://thumb.wikimedia.org/wikipedia/commons/thumb/a/a4/Coffea_arabica_1DS-II_4-5116.jpg/1280px-Coffea_arabica_1DS-II_4-5116.jpg?utm_source=commons.wikimedia.org&utm_campaign=imageinfo&utm_content=thumbnail,https://commons.wikimedia.org/wiki/File:Coffea_arabica_1DS-II_4-5116.jpg,CC BY-SA 4.0,SAplants,coffee_leaf_unverified,Wikimedia Commons,data_raw/wild/commons/wc_File_Coffea_arabica_1DS_II_4_5116_jpg.jpg,wc_File_Coffea_arabica_1DS_II_4_5116_jpg,,,2014-06-02
https://thumb.wikimedia.org/wikipedia/commons/thumb/c/c8/Coffea_arabica_1DS-II_4-5117.jpg/1280px-Coffea_arabica_1DS-II_4-5117.jpg?utm_source=commons.wikimedia.org&utm_campaign=imageinfo&utm_content=thumbnail,https://commons.wikimedia.org/wiki/File:Coffea_arabica_1DS-II_4-5117.jpg,CC BY-SA 4.0,SAplants,coffee_leaf_unverified,Wikimedia Commons,data_raw/wild/commons/wc_File_Coffea_arabica_1DS_II_4_5117_jpg.jpg,wc_File_Coffea_arabica_1DS_II_4_5117_jpg,,,2014-06-02
https://upload.wikimedia.org/wikipedia/commons/e/e5/Coffea_arabica_1zz.jpg?utm_source=commons.wikimedia.org&utm_campaign=imageinfo&utm_content=thumbnail_unscaled,https://commons.wikimedia.org/wiki/File:Coffea_arabica_1zz.jpg,CC BY-SA 4.0,Photo by David J. Stang,coffee_leaf_unverified,Wikimedia Commons,data_raw/wild/commons/wc_File_Coffea_arabica_1zz_jpg.jpg,wc_File_Coffea_arabica_1zz_jpg,,,2005-09-10
https://upload.wikimedia.org/wikipedia/commons/7/77/Coffea_arabica_28zz.jpg?utm_source=commons.wikimedia.org&utm_campaign=imageinfo&utm_content=thumbnail_unscaled,https://commons.wikimedia.org/wiki/File:Coffea_arabica_28zz.jpg,CC BY-SA 4.0,Photo by David J. Stang,coffee_leaf_unverified,Wikimedia Commons,data_raw/wild/commons/wc_File_Coffea_arabica_28zz_jpg.jpg,wc_File_Coffea_arabica_28zz_jpg,,,2006-03-25
https://thumb.wikimedia.org/wikipedia/commons/thumb/4/4f/Coffea_arabica_36zz.jpg/1280px-Coffea_arabica_36zz.jpg?utm_source=commons.wikimedia.org&utm_campaign=imageinfo&utm_content=thumbnail,https://commons.wikimedia.org/wiki/File:Coffea_arabica_36zz.jpg,CC BY-SA 4.0,Photo by David J. Stang,coffee_leaf_unverified,Wikimedia Commons,data_raw/wild/commons/wc_File_Coffea_arabica_36zz_jpg.jpg,wc_File_Coffea_arabica_36zz_jpg,,,2007-02-13
https://thumb.wikimedia.org/wikipedia/commons/thumb/e/e0/Coffea_arabica_37zz.jpg/1280px-Coffea_arabica_37zz.jpg?utm_source=commons.wikimedia.org&utm_campaign=imageinfo&utm_content=thumbnail,https://commons.wikimedia.org/wiki/File:Coffea_arabica_37zz.jpg,CC BY-SA 4.0,Photo by David J. Stang,coffee_leaf_unverified,Wikimedia Commons,data_raw/wild/commons/wc_File_Coffea_arabica_37zz_jpg.jpg,wc_File_Coffea_arabica_37zz_jpg,,,2008-06-04
https://thumb.wikimedia.org/wikipedia/commons/thumb/3/3b/Coffea_arabica_38zz.jpg/1280px-Coffea_arabica_38zz.jpg?utm_source=commons.wikimedia.org&utm_campaign=imageinfo&utm_content=thumbnail,https://commons.wikimedia.org/wiki/File:Coffea_arabica_38zz.jpg,CC BY-SA 4.0,Photo by David J. Stang,coffee_leaf_unverified,Wikimedia Commons,data_raw/wild/commons/wc_File_Coffea_arabica_38zz_jpg.jpg,wc_File_Coffea_arabica_38zz_jpg,,,2008-06-04
https://thumb.wikimedia.org/wikipedia/commons/thumb/3/37/Coffea_arabica_41zz.jpg/1280px-Coffea_arabica_41zz.jpg?utm_source=commons.wikimedia.org&utm_campaign=imageinfo&utm_content=thumbnail,https://commons.wikimedia.org/wiki/File:Coffea_arabica_41zz.jpg,CC BY-SA 4.0,Photo by David J. Stang,coffee_leaf_unverified,Wikimedia Commons,data_raw/wild/commons/wc_File_Coffea_arabica_41zz_jpg.jpg,wc_File_Coffea_arabica_41zz_jpg,,,2008-06-03
https://thumb.wikimedia.org/wikipedia/commons/thumb/7/72/Coffea_arabica_42zz.jpg/1280px-Coffea_arabica_42zz.jpg?utm_source=commons.wikimedia.org&utm_campaign=imageinfo&utm_content=thumbnail,https://commons.wikimedia.org/wiki/File:Coffea_arabica_42zz.jpg,CC BY-SA 4.0,Photo by David J. Stang,coffee_leaf_unverified,Wikimedia Commons,data_raw/wild/commons/wc_File_Coffea_arabica_42zz_jpg.jpg,wc_File_Coffea_arabica_42zz_jpg,,,2008-06-03
https://thumb.wikimedia.org/wikipedia/commons/thumb/9/9a/Coffea_arabica_43zz.jpg/1280px-Coffea_arabica_43zz.jpg?utm_source=commons.wikimedia.org&utm_campaign=imageinfo&utm_content=thumbnail,https://commons.wikimedia.org/wiki/File:Coffea_arabica_43zz.jpg,CC BY-SA 4.0,Photo by David J. Stang,coffee_leaf_unverified,Wikimedia Commons,data_raw/wild/commons/wc_File_Coffea_arabica_43zz_jpg.jpg,wc_File_Coffea_arabica_43zz_jpg,,,2008-06-03
https://upload.wikimedia.org/wikipedia/commons/9/97/Coffea_arabica_6zz.jpg?utm_source=commons.wikimedia.org&utm_campaign=imageinfo&utm_content=thumbnail_unscaled,https://commons.wikimedia.org/wiki/File:Coffea_arabica_6zz.jpg,CC BY-SA 4.0,Photo by David J. Stang,coffee_leaf_unverified,Wikimedia Commons,data_raw/wild/commons/wc_File_Coffea_arabica_6zz_jpg.jpg,wc_File_Coffea_arabica_6zz_jpg,,,2005-11-07
https://thumb.wikimedia.org/wikipedia/commons/thumb/2/29/Coffea_arabica_Kawa_arabska_2021-0-09_01.jpg/1280px-Coffea_arabica_Kawa_arabska_2021-0-09_01.jpg?utm_source=commons.wikimedia.org&utm_campaign=imageinfo&utm_content=thumbnail,https://commons.wikimedia.org/wiki/File:Coffea_arabica_Kawa_arabska_2021-0-09_01.jpg,CC BY-SA 4.0,"Agnieszka Kwiecień, Nova",coffee_leaf_unverified,Wikimedia Commons,data_raw/wild/commons/wc_File_Coffea_arabica_Kawa_arabska_2021_0_09_01_jpg.jpg,wc_File_Coffea_arabica_Kawa_arabska_2021_0_09_01_jpg,,,2021-06-09
https://thumb.wikimedia.org/wikipedia/commons/thumb/4/4d/Coffea_arabica_Kawa_arabska_2021-0-09_02.jpg/1280px-Coffea_arabica_Kawa_arabska_2021-0-09_02.jpg?utm_source=commons.wikimedia.org&utm_campaign=imageinfo&utm_content=thumbnail,https://commons.wikimedia.org/wiki/File:Coffea_arabica_Kawa_arabska_2021-0-09_02.jpg,CC BY-SA 4.0,"Agnieszka Kwiecień, Nova",coffee_leaf_unverified,Wikimedia Commons,data_raw/wild/commons/wc_File_Coffea_arabica_Kawa_arabska_2021_0_09_02_jpg.jpg,wc_File_Coffea_arabica_Kawa_arabska_2021_0_09_02_jpg,,,2021-06-09
https://thumb.wikimedia.org/wikipedia/commons/thumb/7/73/Coffea_arabica_coffee_tuvvur.JPG/1280px-Coffea_arabica_coffee_tuvvur.JPG?utm_source=commons.wikimedia.org&utm_campaign=imageinfo&utm_content=thumbnail,https://commons.wikimedia.org/wiki/File:Coffea_arabica_coffee_tuvvur.JPG,CC BY-SA 4.0,Monalperoth,coffee_leaf_unverified,Wikimedia Commons,data_raw/wild/commons/wc_File_Coffea_arabica_coffee_tuvvur_JPG.jpg,wc_File_Coffea_arabica_coffee_tuvvur_JPG,,,2016-04-02 23:38:00
https://thumb.wikimedia.org/wikipedia/commons/thumb/8/85/Coffee_tree.jpg/1280px-Coffee_tree.jpg?utm_source=commons.wikimedia.org&utm_campaign=imageinfo&utm_content=thumbnail,https://commons.wikimedia.org/wiki/File:Coffee_tree.jpg,CC0,Nana Pearls,coffee_leaf_unverified,Wikimedia Commons,data_raw/wild/commons/wc_File_Coffee_tree_jpg.jpg,wc_File_Coffee_tree_jpg,,,2025-04-10 17:26:09
https://thumb.wikimedia.org/wikipedia/commons/thumb/8/84/Kona_coffee_leaves_%28Kona_Coffee_Living_History_Farm%29.jpg/1280px-Kona_coffee_leaves_%28Kona_Coffee_Living_History_Farm%29.jpg?utm_source=commons.wikimedia.org&utm_campaign=imageinfo&utm_content=thumbnail,https://commons.wikimedia.org/wiki/File:Kona_coffee_leaves_(Kona_Coffee_Living_History_Farm).jpg,CC BY-SA 3.0,Frank Schulenburg,coffee_leaf_unverified,Wikimedia Commons,data_raw/wild/commons/wc_File_Kona_coffee_leaves_Kona_Coffee_Living_History_Farm_jpg.jpg,wc_File_Kona_coffee_leaves_Kona_Coffee_Living_History_Farm_jpg,,,2012-03-06
https://thumb.wikimedia.org/wikipedia/commons/thumb/7/78/Starr-070617-7323-Coffea_arabica-fruit_and_leaves-Olinda-Maui_%2824522041259%29.jpg/1280px-Starr-070617-7323-Coffea_arabica-fruit_and_leaves-Olinda-Maui_%2824522041259%29.jpg?utm_source=commons.wikimedia.org&utm_campaign=imageinfo&utm_content=thumbnail,https://commons.wikimedia.org/wiki/File:Starr-070617-7323-Coffea_arabica-fruit_and_leaves-Olinda-Maui_(24522041259).jpg,CC BY 3.0 us,Forest and Kim Starr,coffee_leaf_unverified,Wikimedia Commons,data_raw/wild/commons/wc_File_Starr_070617_7323_Coffea_arabica_fruit_and_leaves_Olind.jpg,wc_File_Starr_070617_7323_Coffea_arabica_fruit_and_leaves_Olind,,,2007-06-17 13:41
https://thumb.wikimedia.org/wikipedia/commons/thumb/9/97/Starr-070617-7324-Coffea_arabica-fruit_and_leaves-Olinda-Maui_%2824863358926%29.jpg/1280px-Starr-070617-7324-Coffea_arabica-fruit_and_leaves-Olinda-Maui_%2824863358926%29.jpg?utm_source=commons.wikimedia.org&utm_campaign=imageinfo&utm_content=thumbnail,https://commons.wikimedia.org/wiki/File:Starr-070617-7324-Coffea_arabica-fruit_and_leaves-Olinda-Maui_(24863358926).jpg,CC BY 3.0 us,Forest and Kim Starr,coffee_leaf_unverified,Wikimedia Commons,data_raw/wild/commons/wc_File_Starr_070617_7324_Coffea_arabica_fruit_and_leaves_Olind.jpg,wc_File_Starr_070617_7324_Coffea_arabica_fruit_and_leaves_Olind,,,2007-06-17 13:42
https://thumb.wikimedia.org/wikipedia/commons/thumb/a/a1/Starr-070617-7325-Coffea_arabica-fruit_and_leaves-Olinda-Maui_%2824262778303%29.jpg/1280px-Starr-070617-7325-Coffea_arabica-fruit_and_leaves-Olinda-Maui_%2824262778303%29.jpg?utm_source=commons.wikimedia.org&utm_campaign=imageinfo&utm_content=thumbnail,https://commons.wikimedia.org/wiki/File:Starr-070617-7325-Coffea_arabica-fruit_and_leaves-Olinda-Maui_(24262778303).jpg,CC BY 3.0 us,Forest and Kim Starr,coffee_leaf_unverified,Wikimedia Commons,data_raw/wild/commons/wc_File_Starr_070617_7325_Coffea_arabica_fruit_and_leaves_Olind.jpg,wc_File_Starr_070617_7325_Coffea_arabica_fruit_and_leaves_Olind,,,2007-06-17 13:42
https://thumb.wikimedia.org/wikipedia/commons/thumb/f/f3/Starr-070906-8367-Coffea_arabica-Cattura_leaves-Kula_Ace_Hardware_and_Nursery-Maui_%2824263004784%29.jpg/1280px-Starr-070906-8367-Coffea_arabica-Cattura_leaves-Kula_Ace_Hardware_and_Nursery-Maui_%2824263004784%29.jpg?utm_source=commons.wikimedia.org&utm_campaign=imageinfo&utm_content=thumbnail,https://commons.wikimedia.org/wiki/File:Starr-070906-8367-Coffea_arabica-Cattura_leaves-Kula_Ace_Hardware_and_Nursery-Maui_(24263004784).jpg,CC BY 3.0 us,Forest and Kim Starr,coffee_leaf_unverified,Wikimedia Commons,data_raw/wild/commons/wc_File_Starr_070906_8367_Coffea_arabica_Cattura_leaves_Kula_Ac.jpg,wc_File_Starr_070906_8367_Coffea_arabica_Cattura_leaves_Kula_Ac,,,2007-09-06 09:14
https://thumb.wikimedia.org/wikipedia/commons/thumb/4/44/Starr-070906-8368-Coffea_arabica-Cattura_leaves-Kula_Ace_Hardware_and_Nursery-Maui_%2824263006334%29.jpg/1280px-Starr-070906-8368-Coffea_arabica-Cattura_leaves-Kula_Ace_Hardware_and_Nursery-Maui_%2824263006334%29.jpg?utm_source=commons.wikimedia.org&utm_campaign=imageinfo&utm_content=thumbnail,https://commons.wikimedia.org/wiki/File:Starr-070906-8368-Coffea_arabica-Cattura_leaves-Kula_Ace_Hardware_and_Nursery-Maui_(24263006334).jpg,CC BY 3.0 us,Forest and Kim Starr,coffee_leaf_unverified,Wikimedia Commons,data_raw/wild/commons/wc_File_Starr_070906_8368_Coffea_arabica_Cattura_leaves_Kula_Ac.jpg,wc_File_Starr_070906_8368_Coffea_arabica_Cattura_leaves_Kula_Ac,,,2007-09-06 09:14
https://thumb.wikimedia.org/wikipedia/commons/thumb/b/bd/Starr-071024-9755-Coffea_arabica-leaves-Enchanting_Floral_Gardens_of_Kula-Maui_%2824266910904%29.jpg/1280px-Starr-071024-9755-Coffea_arabica-leaves-Enchanting_Floral_Gardens_of_Kula-Maui_%2824266910904%29.jpg?utm_source=commons.wikimedia.org&utm_campaign=imageinfo&utm_content=thumbnail,https://commons.wikimedia.org/wiki/File:Starr-071024-9755-Coffea_arabica-leaves-Enchanting_Floral_Gardens_of_Kula-Maui_(24266910904).jpg,CC BY 3.0 us,Forest and Kim Starr,coffee_leaf_unverified,Wikimedia Commons,data_raw/wild/commons/wc_File_Starr_071024_9755_Coffea_arabica_leaves_Enchanting_Flor.jpg,wc_File_Starr_071024_9755_Coffea_arabica_leaves_Enchanting_Flor,,,2007-10-24 09:15
https://thumb.wikimedia.org/wikipedia/commons/thumb/6/6a/Starr-080117-2187-Coffea_arabica-leaves-Home_Depot_Nursery_Kahului-Maui_%2824784682072%29.jpg/1280px-Starr-080117-2187-Coffea_arabica-leaves-Home_Depot_Nursery_Kahului-Maui_%2824784682072%29.jpg?utm_source=commons.wikimedia.org&utm_campaign=imageinfo&utm_content=thumbnail,https://commons.wikimedia.org/wiki/File:Starr-080117-2187-Coffea_arabica-leaves-Home_Depot_Nursery_Kahului-Maui_(24784682072).jpg,CC BY 3.0 us,Forest and Kim Starr,coffee_leaf_unverified,Wikimedia Commons,data_raw/wild/commons/wc_File_Starr_080117_2187_Coffea_arabica_leaves_Home_Depot_Nurs.jpg,wc_File_Starr_080117_2187_Coffea_arabica_leaves_Home_Depot_Nurs,,,2008-01-17 13:59
https://thumb.wikimedia.org/wikipedia/commons/thumb/f/f3/Starr-090519-7985-Coffea_arabica-fruit_and_leaves-Kula-Maui_%2824862236381%29.jpg/1280px-Starr-090519-7985-Coffea_arabica-fruit_and_leaves-Kula-Maui_%2824862236381%29.jpg?utm_source=commons.wikimedia.org&utm_campaign=imageinfo&utm_content=thumbnail,https://commons.wikimedia.org/wiki/File:Starr-090519-7985-Coffea_arabica-fruit_and_leaves-Kula-Maui_(24862236381).jpg,CC BY 3.0 us,Forest and Kim Starr,coffee_leaf_unverified,Wikimedia Commons,data_raw/wild/commons/wc_File_Starr_090519_7985_Coffea_arabica_fruit_and_leaves_Kula_.jpg,wc_File_Starr_090519_7985_Coffea_arabica_fruit_and_leaves_Kula_,,,2009-05-19 10:12
https://thumb.wikimedia.org/wikipedia/commons/thumb/5/5b/Starr-090618-1070-Coffea_arabica-leaves-Hana_Hwy-Maui_%2824597910769%29.jpg/1280px-Starr-090618-1070-Coffea_arabica-leaves-Hana_Hwy-Maui_%2824597910769%29.jpg?utm_source=commons.wikimedia.org&utm_campaign=imageinfo&utm_content=thumbnail,https://commons.wikimedia.org/wiki/File:Starr-090618-1070-Coffea_arabica-leaves-Hana_Hwy-Maui_(24597910769).jpg,CC BY 3.0 us,Forest and Kim Starr,coffee_leaf_unverified,Wikimedia Commons,data_raw/wild/commons/wc_File_Starr_090618_1070_Coffea_arabica_leaves_Hana_Hwy_Maui_2.jpg,wc_File_Starr_090618_1070_Coffea_arabica_leaves_Hana_Hwy_Maui_2,,,2009-06-19 09:18
https://thumb.wikimedia.org/wikipedia/commons/thumb/5/58/Starr-100430-5084-Coffea_arabica-leaves_and_stipules-Iao-Maui_%2824664016739%29.jpg/1280px-Starr-100430-5084-Coffea_arabica-leaves_and_stipules-Iao-Maui_%2824664016739%29.jpg?utm_source=commons.wikimedia.org&utm_campaign=imageinfo&utm_content=thumbnail,https://commons.wikimedia.org/wiki/File:Starr-100430-5084-Coffea_arabica-leaves_and_stipules-Iao-Maui_(24664016739).jpg,CC BY 3.0 us,Forest and Kim Starr,coffee_leaf_unverified,Wikimedia Commons,data_raw/wild/commons/wc_File_Starr_100430_5084_Coffea_arabica_leaves_and_stipules_Ia.jpg,wc_File_Starr_100430_5084_Coffea_arabica_leaves_and_stipules_Ia,,,2010-04-30 10:28
https://thumb.wikimedia.org/wikipedia/commons/thumb/8/8a/Starr-100621-7453-Coffea_arabica-leaves-Honokowai_Ditch_Trail-Maui_%2824411021654%29.jpg/1280px-Starr-100621-7453-Coffea_arabica-leaves-Honokowai_Ditch_Trail-Maui_%2824411021654%29.jpg?utm_source=commons.wikimedia.org&utm_campaign=imageinfo&utm_content=thumbnail,https://commons.wikimedia.org/wiki/File:Starr-100621-7453-Coffea_arabica-leaves-Honokowai_Ditch_Trail-Maui_(24411021654).jpg,CC BY 3.0 us,Forest and Kim Starr,coffee_leaf_unverified,Wikimedia Commons,data_raw/wild/commons/wc_File_Starr_100621_7453_Coffea_arabica_leaves_Honokowai_Ditch.jpg,wc_File_Starr_100621_7453_Coffea_arabica_leaves_Honokowai_Ditch,,,2010-06-21 11:15
https://thumb.wikimedia.org/wikipedia/commons/thumb/a/a1/Starr-100621-7483-Coffea_arabica-flowers_leaves-Honokowai_Ditch_Trail-Maui_%2825015358446%29.jpg/1280px-Starr-100621-7483-Coffea_arabica-flowers_leaves-Honokowai_Ditch_Trail-Maui_%2825015358446%29.jpg?utm_source=commons.wikimedia.org&utm_campaign=imageinfo&utm_content=thumbnail,https://commons.wikimedia.org/wiki/File:Starr-100621-7483-Coffea_arabica-flowers_leaves-Honokowai_Ditch_Trail-Maui_(25015358446).jpg,CC BY 3.0 us,Forest and Kim Starr,coffee_leaf_unverified,Wikimedia Commons,data_raw/wild/commons/wc_File_Starr_100621_7483_Coffea_arabica_flowers_leaves_Honokow.jpg,wc_File_Starr_100621_7483_Coffea_arabica_flowers_leaves_Honokow,,,2010-06-21 11:35
https://thumb.wikimedia.org/wikipedia/commons/thumb/1/18/Starr-100621-7484-Coffea_arabica-flowers_leaves-Honokowai_Ditch_Trail-Maui_%2824923651732%29.jpg/1280px-Starr-100621-7484-Coffea_arabica-flowers_leaves-Honokowai_Ditch_Trail-Maui_%2824923651732%29.jpg?utm_source=commons.wikimedia.org&utm_campaign=imageinfo&utm_content=thumbnail,https://commons.wikimedia.org/wiki/File:Starr-100621-7484-Coffea_arabica-flowers_leaves-Honokowai_Ditch_Trail-Maui_(24923651732).jpg,CC BY 3.0 us,Forest and Kim Starr,coffee_leaf_unverified,Wikimedia Commons,data_raw/wild/commons/wc_File_Starr_100621_7484_Coffea_arabica_flowers_leaves_Honokow.jpg,wc_File_Starr_100621_7484_Coffea_arabica_flowers_leaves_Honokow,,,2010-06-21 11:35
https://thumb.wikimedia.org/wikipedia/commons/thumb/6/6c/Starr-100621-7576-Coffea_arabica-leaves-Honokowai_Ditch_Trail-Maui_%2824948607191%29.jpg/1280px-Starr-100621-7576-Coffea_arabica-leaves-Honokowai_Ditch_Trail-Maui_%2824948607191%29.jpg?utm_source=commons.wikimedia.org&utm_campaign=imageinfo&utm_content=thumbnail,https://commons.wikimedia.org/wiki/File:Starr-100621-7576-Coffea_arabica-leaves-Honokowai_Ditch_Trail-Maui_(24948607191).jpg,CC BY 3.0 us,Forest and Kim Starr,coffee_leaf_unverified,Wikimedia Commons,data_raw/wild/commons/wc_File_Starr_100621_7576_Coffea_arabica_leaves_Honokowai_Ditch.jpg,wc_File_Starr_100621_7576_Coffea_arabica_leaves_Honokowai_Ditch,,,2010-06-21 12:48
https://thumb.wikimedia.org/wikipedia/commons/thumb/2/2f/Starr-110209-0804-Coffea_arabica-berries_and_leaves-Resort_Management_Group_Nursery_Kihei-Maui_%2824981379541%29.jpg/1280px-Starr-110209-0804-Coffea_arabica-berries_and_leaves-Resort_Management_Group_Nursery_Kihei-Maui_%2824981379541%29.jpg?utm_source=commons.wikimedia.org&utm_campaign=imageinfo&utm_content=thumbnail,https://commons.wikimedia.org/wiki/File:Starr-110209-0804-Coffea_arabica-berries_and_leaves-Resort_Management_Group_Nursery_Kihei-Maui_(24981379541).jpg,CC BY 3.0 us,Forest and Kim Starr,coffee_leaf_unverified,Wikimedia Commons,data_raw/wild/commons/wc_File_Starr_110209_0804_Coffea_arabica_berries_and_leaves_Res.jpg,wc_File_Starr_110209_0804_Coffea_arabica_berries_and_leaves_Res,,,2011-02-09 10:01
https://thumb.wikimedia.org/wikipedia/commons/thumb/3/3f/Starr-110330-3814-Coffea_arabica-flowers_and_leaves-Garden_of_Eden_Keanae-Maui_%2824713108189%29.jpg/1280px-Starr-110330-3814-Coffea_arabica-flowers_and_leaves-Garden_of_Eden_Keanae-Maui_%2824713108189%29.jpg?utm_source=commons.wikimedia.org&utm_campaign=imageinfo&utm_content=thumbnail,https://commons.wikimedia.org/wiki/File:Starr-110330-3814-Coffea_arabica-flowers_and_leaves-Garden_of_Eden_Keanae-Maui_(24713108189).jpg,CC BY 3.0 us,Forest and Kim Starr,coffee_leaf_unverified,Wikimedia Commons,data_raw/wild/commons/wc_File_Starr_110330_3814_Coffea_arabica_flowers_and_leaves_Gar.jpg,wc_File_Starr_110330_3814_Coffea_arabica_flowers_and_leaves_Gar,,,2011-03-30 09:24
https://thumb.wikimedia.org/wikipedia/commons/thumb/4/48/Starr-120120-1773-Coffea_arabica-fruit_and_leaves-Enchanting_Floral_Gardens_of_Kula-Maui_%2824505706003%29.jpg/1280px-Starr-120120-1773-Coffea_arabica-fruit_and_leaves-Enchanting_Floral_Gardens_of_Kula-Maui_%2824505706003%29.jpg?utm_source=commons.wikimedia.org&utm_campaign=imageinfo&utm_content=thumbnail,https://commons.wikimedia.org/wiki/File:Starr-120120-1773-Coffea_arabica-fruit_and_leaves-Enchanting_Floral_Gardens_of_Kula-Maui_(24505706003).jpg,CC BY 3.0 us,Forest and Kim Starr,coffee_leaf_unverified,Wikimedia Commons,data_raw/wild/commons/wc_File_Starr_120120_1773_Coffea_arabica_fruit_and_leaves_Encha.jpg,wc_File_Starr_120120_1773_Coffea_arabica_fruit_and_leaves_Encha,,,2012-01-20 10:13
https://thumb.wikimedia.org/wikipedia/commons/thumb/4/40/Starr-120120-1774-Coffea_arabica-fruit_and_leaves-Enchanting_Floral_Gardens_of_Kula-Maui_%2824836894950%29.jpg/1280px-Starr-120120-1774-Coffea_arabica-fruit_and_leaves-Enchanting_Floral_Gardens_of_Kula-Maui_%2824836894950%29.jpg?utm_source=commons.wikimedia.org&utm_campaign=imageinfo&utm_content=thumbnail,https://commons.wikimedia.org/wiki/File:Starr-120120-1774-Coffea_arabica-fruit_and_leaves-Enchanting_Floral_Gardens_of_Kula-Maui_(24836894950).jpg,CC BY 3.0 us,Forest and Kim Starr,coffee_leaf_unverified,Wikimedia Commons,data_raw/wild/commons/wc_File_Starr_120120_1774_Coffea_arabica_fruit_and_leaves_Encha.jpg,wc_File_Starr_120120_1774_Coffea_arabica_fruit_and_leaves_Encha,,,2012-01-20 10:13
https://thumb.wikimedia.org/wikipedia/commons/thumb/f/ff/Starr-120120-1775-Coffea_arabica-fruit_and_leaves-Enchanting_Floral_Gardens_of_Kula-Maui_%2824836897860%29.jpg/1280px-Starr-120120-1775-Coffea_arabica-fruit_and_leaves-Enchanting_Floral_Gardens_of_Kula-Maui_%2824836897860%29.jpg?utm_source=commons.wikimedia.org&utm_campaign=imageinfo&utm_content=thumbnail,https://commons.wikimedia.org/wiki/File:Starr-120120-1775-Coffea_arabica-fruit_and_leaves-Enchanting_Floral_Gardens_of_Kula-Maui_(24836897860).jpg,CC BY 3.0 us,Forest and Kim Starr,coffee_leaf_unverified,Wikimedia Commons,data_raw/wild/commons/wc_File_Starr_120120_1775_Coffea_arabica_fruit_and_leaves_Encha.jpg,wc_File_Starr_120120_1775_Coffea_arabica_fruit_and_leaves_Encha,,,2012-01-20 10:14
https://thumb.wikimedia.org/wikipedia/commons/thumb/3/31/Starr-120229-3123-Coffea_arabica-leaves_and_stems-Waikapu_Valley-Maui_%2824840929920%29.jpg/1280px-Starr-120229-3123-Coffea_arabica-leaves_and_stems-Waikapu_Valley-Maui_%2824840929920%29.jpg?utm_source=commons.wikimedia.org&utm_campaign=imageinfo&utm_content=thumbnail,https://commons.wikimedia.org/wiki/File:Starr-120229-3123-Coffea_arabica-leaves_and_stems-Waikapu_Valley-Maui_(24840929920).jpg,CC BY 3.0 us,Forest and Kim Starr,coffee_leaf_unverified,Wikimedia Commons,data_raw/wild/commons/wc_File_Starr_120229_3123_Coffea_arabica_leaves_and_stems_Waika.jpg,wc_File_Starr_120229_3123_Coffea_arabica_leaves_and_stems_Waika,,,2012-02-29 13:27
https://thumb.wikimedia.org/wikipedia/commons/thumb/3/30/Starr-120229-3124-Coffea_arabica-leaf_underside-Waikapu_Valley-Maui_%2825136592695%29.jpg/1280px-Starr-120229-3124-Coffea_arabica-leaf_underside-Waikapu_Valley-Maui_%2825136592695%29.jpg?utm_source=commons.wikimedia.org&utm_campaign=imageinfo&utm_content=thumbnail,https://commons.wikimedia.org/wiki/File:Starr-120229-3124-Coffea_arabica-leaf_underside-Waikapu_Valley-Maui_(25136592695).jpg,CC BY 3.0 us,Forest and Kim Starr,coffee_leaf_unverified,Wikimedia Commons,data_raw/wild/commons/wc_File_Starr_120229_3124_Coffea_arabica_leaf_underside_Waikapu.jpg,wc_File_Starr_120229_3124_Coffea_arabica_leaf_underside_Waikapu,,,2012-02-29 13:28
https://thumb.wikimedia.org/wikipedia/commons/thumb/d/d6/Starr-120522-6523-Coffea_arabica-leaves-Iao_Tropical_Gardens_of_Maui-Maui_%2824517011413%29.jpg/1280px-Starr-120522-6523-Coffea_arabica-leaves-Iao_Tropical_Gardens_of_Maui-Maui_%2824517011413%29.jpg?utm_source=commons.wikimedia.org&utm_campaign=imageinfo&utm_content=thumbnail,https://commons.wikimedia.org/wiki/File:Starr-120522-6523-Coffea_arabica-leaves-Iao_Tropical_Gardens_of_Maui-Maui_(24517011413).jpg,CC BY 3.0 us,Forest and Kim Starr,coffee_leaf_unverified,Wikimedia Commons,data_raw/wild/commons/wc_File_Starr_120522_6523_Coffea_arabica_leaves_Iao_Tropical_Ga.jpg,wc_File_Starr_120522_6523_Coffea_arabica_leaves_Iao_Tropical_Ga,,,2012-05-22 11:52
https://thumb.wikimedia.org/wikipedia/commons/thumb/1/1f/Starr-121108-0690-Coffea_arabica-Dwarf_Philippine_fruit_and_leaves-Pali_o_Waipio-Maui_%2825102628131%29.jpg/1280px-Starr-121108-0690-Coffea_arabica-Dwarf_Philippine_fruit_and_leaves-Pali_o_Waipio-Maui_%2825102628131%29.jpg?utm_source=commons.wikimedia.org&utm_campaign=imageinfo&utm_content=thumbnail,https://commons.wikimedia.org/wiki/File:Starr-121108-0690-Coffea_arabica-Dwarf_Philippine_fruit_and_leaves-Pali_o_Waipio-Maui_(25102628131).jpg,CC BY 3.0 us,Forest and Kim Starr,coffee_leaf_unverified,Wikimedia Commons,data_raw/wild/commons/wc_File_Starr_121108_0690_Coffea_arabica_Dwarf_Philippine_fruit.jpg,wc_File_Starr_121108_0690_Coffea_arabica_Dwarf_Philippine_fruit,,,2012-11-08 10:46
https://thumb.wikimedia.org/wikipedia/commons/thumb/4/4b/Starr-180717-4549-Coffea_arabica-flowers_leaves-Hawea_Pl_Olinda-Maui_%2842893596960%29.jpg/1280px-Starr-180717-4549-Coffea_arabica-flowers_leaves-Hawea_Pl_Olinda-Maui_%2842893596960%29.jpg?utm_source=commons.wikimedia.org&utm_campaign=imageinfo&utm_content=thumbnail,https://commons.wikimedia.org/wiki/File:Starr-180717-4549-Coffea_arabica-flowers_leaves-Hawea_Pl_Olinda-Maui_(42893596960).jpg,CC BY 3.0 us,Forest and Kim Starr,coffee_leaf_unverified,Wikimedia Commons,data_raw/wild/commons/wc_File_Starr_180717_4549_Coffea_arabica_flowers_leaves_Hawea_P.jpg,wc_File_Starr_180717_4549_Coffea_arabica_flowers_leaves_Hawea_P,,,2018-07-17 08:56
https://thumb.wikimedia.org/wikipedia/commons/thumb/2/2a/Starr-180717-4550-Coffea_arabica-flowers_leaves-Hawea_Pl_Olinda-Maui_%2843985257274%29.jpg/1280px-Starr-180717-4550-Coffea_arabica-flowers_leaves-Hawea_Pl_Olinda-Maui_%2843985257274%29.jpg?utm_source=commons.wikimedia.org&utm_campaign=imageinfo&utm_content=thumbnail,https://commons.wikimedia.org/wiki/File:Starr-180717-4550-Coffea_arabica-flowers_leaves-Hawea_Pl_Olinda-Maui_(43985257274).jpg,CC BY 3.0 us,Forest and Kim Starr,coffee_leaf_unverified,Wikimedia Commons,data_raw/wild/commons/wc_File_Starr_180717_4550_Coffea_arabica_flowers_leaves_Hawea_P.jpg,wc_File_Starr_180717_4550_Coffea_arabica_flowers_leaves_Hawea_P,,,2018-07-17 08:56
https://thumb.wikimedia.org/wikipedia/commons/thumb/2/22/Applied_and_economic_botany_for_students_in_technical_and_agricultural_schools%2C_pharmaceutical_and_medical_colleges%2C_for_chemists%2C_food_analysts_and_for_those_engaged_in_the_morphological_and_%2819127126313%29.jpg/1280px-thumbnail.jpg?utm_source=commons.wikimedia.org&utm_campaign=imageinfo&utm_content=thumbnail,"https://commons.wikimedia.org/wiki/File:Applied_and_economic_botany_for_students_in_technical_and_agricultural_schools,_pharmaceutical_and_medical_colleges,_for_chemists,_food_analysts_and_for_those_engaged_in_the_morphological_and_(19127126313).jpg",No restrictions,Internet Archive Book Images,coffee_leaf_unverified,Wikimedia Commons,data_raw/wild/commons/wc_File_Applied_and_economic_botany_for_students_in_technical_a.jpg,wc_File_Applied_and_economic_botany_for_students_in_technical_a,,,1825
https://upload.wikimedia.org/wikipedia/commons/4/4b/Cafeeiro.jpg?utm_source=commons.wikimedia.org&utm_campaign=imageinfo&utm_content=thumbnail_unscaled,https://commons.wikimedia.org/wiki/File:Cafeeiro.jpg,CC BY-SA 4.0,Py4nf,coffee_leaf_unverified,Wikimedia Commons,data_raw/wild/commons/wc_File_Cafeeiro_jpg.jpg,wc_File_Cafeeiro_jpg,,,"Taken on 23 November 2014, 06:19:59"
https://upload.wikimedia.org/wikipedia/commons/2/24/Detail_of_coffee_plant_showing_beans_and_leaves.jpg?utm_source=commons.wikimedia.org&utm_campaign=imageinfo&utm_content=thumbnail_unscaled,https://commons.wikimedia.org/wiki/File:Detail_of_coffee_plant_showing_beans_and_leaves.jpg,CC BY-SA 3.0,,coffee_leaf_unverified,Wikimedia Commons,data_raw/wild/commons/wc_File_Detail_of_coffee_plant_showing_beans_and_leaves_jpg.jpg,wc_File_Detail_of_coffee_plant_showing_beans_and_leaves_jpg,,,
https://thumb.wikimedia.org/wikipedia/commons/thumb/0/0e/Photo_Coffee_tree_growing_next_to_a_cacao_tree%2C_taking_advantage_of_cacao%27s_leaves_to_protect_itself_from_the_sun_1965_-_Touring_Club_Italiano_1.2260.jpg/1280px-Photo_Coffee_tree_growing_next_to_a_cacao_tree%2C_taking_advantage_of_cacao%27s_leaves_to_protect_itself_from_the_sun_1965_-_Touring_Club_Italiano_1.2260.jpg?utm_source=commons.wikimedia.org&utm_campaign=imageinfo&utm_content=thumbnail,"https://commons.wikimedia.org/wiki/File:Photo_Coffee_tree_growing_next_to_a_cacao_tree,_taking_advantage_of_cacao%27s_leaves_to_protect_itself_from_the_sun_1965_-_Touring_Club_Italiano_1.2260.jpg",CC BY-SA 4.0,Unknown authorUnknown author,coffee_leaf_unverified,Wikimedia Commons,data_raw/wild/commons/wc_File_Photo_Coffee_tree_growing_next_to_a_cacao_tree_taking_a.jpg,wc_File_Photo_Coffee_tree_growing_next_to_a_cacao_tree_taking_a,,,"1965<div style=""display: none;"">date QS:P571,+1965-00-00T00:00:00Z/9</div>"
https://thumb.wikimedia.org/wikipedia/commons/thumb/4/4e/Starr-120120-1777-Coffea_arabica-fruit_and_leaves-Enchanting_Floral_Gardens_of_Kula-Maui_%2825132562715%29.jpg/1280px-Starr-120120-1777-Coffea_arabica-fruit_and_leaves-Enchanting_Floral_Gardens_of_Kula-Maui_%2825132562715%29.jpg?utm_source=commons.wikimedia.org&utm_campaign=imageinfo&utm_content=thumbnail,https://commons.wikimedia.org/wiki/File:Starr-120120-1777-Coffea_arabica-fruit_and_leaves-Enchanting_Floral_Gardens_of_Kula-Maui_(25132562715).jpg,CC BY 3.0 us,Forest and Kim Starr,coffee_leaf_unverified,Wikimedia Commons,data_raw/wild/commons/wc_File_Starr_120120_1777_Coffea_arabica_fruit_and_leaves_Encha.jpg,wc_File_Starr_120120_1777_Coffea_arabica_fruit_and_leaves_Encha,,,2012-01-20 10:14
https://thumb.wikimedia.org/wikipedia/commons/thumb/0/05/Synthetic_coffee_%E2%80%93_lyophilized_cells_derived_from_the_bioreactor_cultivations_%28A%29_and_after_three_roasting_regimes.jpg/1280px-Synthetic_coffee_%E2%80%93_lyophilized_cells_derived_from_the_bioreactor_cultivations_%28A%29_and_after_three_roasting_regimes.jpg?utm_source=commons.wikimedia.org&utm_campaign=imageinfo&utm_content=thumbnail,https://commons.wikimedia.org/wiki/File:Synthetic_coffee_%E2%80%93_lyophilized_cells_derived_from_the_bioreactor_cultivations_(A)_and_after_three_roasting_regimes.jpg,CC BY 4.0,"Authors of the study: Heikki Aisala, Elviira Kärkkäinen, Iina Jokinen, Tuulikki Seppänen-Laakso, and Heiko Rischer",coffee_leaf_unverified,Wikimedia Commons,data_raw/wild/commons/wc_File_Synthetic_coffee_lyophilized_cells_derived_from_the_bio.jpg,wc_File_Synthetic_coffee_lyophilized_cells_derived_from_the_bio,,,2023-10-30 06:33:00
https://thumb.wikimedia.org/wikipedia/commons/thumb/0/01/The_ornamental_trees_of_Hawaii_%281917%29_%2814579357589%29.jpg/1280px-The_ornamental_trees_of_Hawaii_%281917%29_%2814579357589%29.jpg?utm_source=commons.wikimedia.org&utm_campaign=imageinfo&utm_content=thumbnail,https://commons.wikimedia.org/wiki/File:The_ornamental_trees_of_Hawaii_(1917)_(14579357589).jpg,No restrictions,Internet Archive Book Images,coffee_leaf_unverified,Wikimedia Commons,data_raw/wild/commons/wc_File_The_ornamental_trees_of_Hawaii_1917_14579357589_jpg.jpg,wc_File_The_ornamental_trees_of_Hawaii_1917_14579357589_jpg,,,1917
https://thumb.wikimedia.org/wikipedia/commons/thumb/1/11/Coffee_Senna_2.jpg/1280px-Coffee_Senna_2.jpg?utm_source=commons.wikimedia.org&utm_campaign=imageinfo&utm_content=thumbnail,https://commons.wikimedia.org/wiki/File:Coffee_Senna_2.jpg,CC BY-SA 4.0,"Jeevan Jose, Kerala, India",coffee_leaf_unverified,Wikimedia Commons,data_raw/wild/commons/wc_File_Coffee_Senna_2_jpg.jpg,wc_File_Coffee_Senna_2_jpg,,,22 November 2009
https://thumb.wikimedia.org/wikipedia/commons/thumb/5/50/Coffee_Senna.jpg/1280px-Coffee_Senna.jpg?utm_source=commons.wikimedia.org&utm_campaign=imageinfo&utm_content=thumbnail,https://commons.wikimedia.org/wiki/File:Coffee_Senna.jpg,CC BY-SA 4.0,"Jeevan Jose, Kerala, India",coffee_leaf_unverified,Wikimedia Commons,data_raw/wild/commons/wc_File_Coffee_Senna_jpg.jpg,wc_File_Coffee_Senna_jpg,,,22 November 2009
